2026-06-02 09:07:42 GET /api/health -> 200  29.0ms
2026-06-02 09:07:42 GET /api/notifications/stream -> 200  60.7ms
2026-06-02 09:07:42 GET /api/notifications/stream -> 200  29.4ms
2026-06-02 09:07:43 GET /pod-plan -> 200  34.8ms
2026-06-02 09:07:43 GET /api/notifications/stream -> 200  64.3ms
2026-06-02 09:07:43 GET /logo.jpg -> 200  5.3ms
2026-06-02 09:07:43 GET /api/notifications/stream -> 200  98.5ms
2026-06-02 09:07:44 GET /favicon.svg -> 200  75.6ms
2026-06-02 09:07:44 SLOW GET /api/dashboard/nav-counts -> 200  2909.8ms
2026-06-02 09:07:44 GET /api/dashboard/notifications -> 200  433.9ms
2026-06-02 09:07:44 SLOW GET /api/dashboard/nav-counts -> 200  2258.0ms
2026-06-02 09:07:44 GET /api/notifications/stream -> 200  36.4ms
2026-06-02 09:07:44 GET /api/notifications/stream -> 200  35.3ms
2026-06-02 09:07:44 GET /api/pod-plan/clients -> 200  832.8ms
2026-06-02 09:07:44 GET /api/notifications/stream -> 200  18.9ms
2026-06-02 09:07:44 GET /api/notifications/stream -> 200  18.9ms
2026-06-02 09:07:44 GET /api/notifications/stream -> 200  78.2ms
2026-06-02 09:07:44 GET /api/notifications/stream -> 200  6.4ms
2026-06-02 09:07:44 GET /api/notifications/stream -> 200  4.6ms
2026-06-02 09:07:44 GET /leaderboard -> 200  10.2ms
2026-06-02 09:07:44 GET /api/notifications/stream -> 200  2.9ms
2026-06-02 09:07:44 GET /api/notifications/stream -> 200  7.8ms
2026-06-02 09:07:45 GET /api/notifications/stream -> 200  3.2ms
2026-06-02 09:07:45 GET /api/notifications/stream -> 200  3.4ms
2026-06-02 09:07:45 GET /api/notifications/stream -> 200  12.1ms
2026-06-02 09:07:45 GET /api/notifications/stream -> 200  25.2ms
2026-06-02 09:07:45 GET /api/notifications/stream -> 200  1.3ms
2026-06-02 09:07:45 GET /api/notifications/stream -> 200  563.2ms
2026-06-02 09:07:45 GET /api/hrbp/notifications -> 200  141.4ms
2026-06-02 09:07:45 SLOW GET /api/pod-plan/bhs -> 200  1424.8ms
2026-06-02 09:07:45 GET /api/notifications/stream -> 200  13.4ms
2026-06-02 09:07:45 GET /api/notifications/stream -> 200  9.0ms
2026-06-02 09:07:45 GET /api/notifications/stream -> 200  19.0ms
2026-06-02 09:07:45 GET /api/notifications/stream -> 200  1.0ms
2026-06-02 09:07:45 GET /api/notifications/stream -> 200  4.6ms
2026-06-02 09:07:45 GET /api/notifications/stream -> 200  154.1ms
2026-06-02 09:07:45 GET /api/notifications/stream -> 200  28.1ms
2026-06-02 09:07:45 GET /assets/index-BWAoNGZT.js -> 200  197.1ms
2026-06-02 09:07:45 GET /api/notifications/stream -> 200  4.1ms
2026-06-02 09:07:45 SLOW GET /api/dashboard/nav-counts -> 200  1557.7ms
2026-06-02 09:07:45 GET /api/notifications/stream -> 200  4.6ms
2026-06-02 09:07:45 GET /api/notifications/stream -> 200  8.3ms
2026-06-02 09:07:45 GET /api/notifications/stream -> 200  26.8ms
2026-06-02 09:07:45 GET /api/notifications/stream -> 200  13.9ms
2026-06-02 09:07:45 GET /api/notifications/stream -> 200  4.7ms
2026-06-02 09:07:45 GET /api/notifications/stream -> 200  9.5ms
2026-06-02 09:07:45 GET /api/notifications/stream -> 200  5.9ms
2026-06-02 09:07:45 GET /api/notifications/stream -> 200  2.2ms
2026-06-02 09:07:45 GET /api/notifications/stream -> 200  1.3ms
2026-06-02 09:07:45 GET /api/pod-plan/setups -> 200  327.7ms
2026-06-02 09:07:45 GET /api/notifications/stream -> 200  5.7ms
2026-06-02 09:07:45 GET /logo.jpg -> 200  5.7ms
2026-06-02 09:07:45 GET /favicon.svg -> 200  12.6ms
2026-06-02 09:07:45 GET /api/notifications/stream -> 200  39.3ms
2026-06-02 09:07:45 GET /api/notifications/stream -> 200  5.5ms
2026-06-02 09:07:46 SLOW GET /api/dashboard/nav-counts -> 200  2130.2ms
2026-06-02 09:07:46 GET /api/notifications/stream -> 200  1.3ms
2026-06-02 09:07:46 GET /api/dashboard/notifications -> 200  67.5ms
2026-06-02 09:07:46 GET /api/pod-plan/setup -> 200  348.2ms
2026-06-02 09:07:46 GET /api/dashboard/nav-counts -> 200  139.2ms
2026-06-02 09:07:46 GET /api/pod-plan/setup/20/customers -> 200  28.5ms
2026-06-02 09:07:46 SLOW GET /api/dashboard/nav-counts -> 200  1488.7ms
2026-06-02 09:07:46 GET /api/pod-plan/setup/20/weekly-obs -> 200  44.1ms
2026-06-02 09:07:46 GET /api/coo/recruiter-leaderboard -> 200  418.0ms
2026-06-02 09:07:46 GET /api/dashboard/nav-counts -> 200  307.2ms
2026-06-02 09:07:46 GET /api/notifications/stream -> 200  2.8ms
2026-06-02 09:07:46 GET /api/dashboard/nav-counts -> 200  294.5ms
2026-06-02 09:07:47 GET /api/notifications/stream -> 200  2.1ms
2026-06-02 09:07:47 GET /api/dashboard/nav-counts -> 200  115.9ms
2026-06-02 09:07:47 GET /api/notifications/stream -> 200  2.0ms
2026-06-02 09:07:47 GET /api/notifications/stream -> 200  2.6ms
2026-06-02 09:07:47 GET /api/notifications/stream -> 200  1.3ms
2026-06-02 09:07:48 GET /api/notifications/stream -> 200  1.5ms
2026-06-02 09:07:49 GET /api/dashboard/nav-counts -> 200  173.5ms
2026-06-02 09:07:49 GET /api/health -> 200  3.4ms
2026-06-02 09:07:49 GET /api/notifications/stream -> 200  1.6ms
2026-06-02 09:07:49 GET /api/notifications/stream -> 200  3.2ms
2026-06-02 09:07:52 GET /api/pod-plan/setup/20/working-days -> 200  9.4ms
2026-06-02 09:07:52 GET /api/pod-plan/setup/20/monthly-progress -> 200  74.6ms
2026-06-02 09:07:52 GET /api/pod-plan/setup/20/daily/2026-06-02 -> 200  116.4ms
2026-06-02 09:07:53 GET /candidates -> 200  1.5ms
2026-06-02 09:07:53 GET /api/dashboard/nav-counts -> 200  98.9ms
2026-06-02 09:07:53 GET /favicon.svg -> 200  1.9ms
2026-06-02 09:07:53 GET /logo.jpg -> 200  1.1ms
2026-06-02 09:07:54 GET /api/dashboard/notifications -> 200  41.6ms
2026-06-02 09:07:54 GET /api/notifications/stream -> 200  41.4ms
2026-06-02 09:07:54 GET /api/dashboard/nav-counts -> 200  196.3ms
2026-06-02 09:07:54 GET /api/jobs -> 200  322.3ms
2026-06-02 09:07:54 GET /api/candidates -> 200  433.9ms
2026-06-02 09:07:54 GET /api/dashboard/nav-counts -> 200  74.3ms
2026-06-02 09:07:55 GET /api/notifications/stream -> 200  1.1ms
2026-06-02 09:07:56 GET /api/dashboard/nav-counts -> 200  4.5ms
2026-06-02 09:07:57 GET /api/dashboard/nav-counts -> 200  73.6ms
2026-06-02 09:07:57 GET /api/candidates/1093 -> 200  49.7ms
2026-06-02 09:07:59 GET /api/notifications/stream -> 200  1.7ms
2026-06-02 09:07:59 GET /api/dashboard/nav-counts -> 200  77.4ms
2026-06-02 09:08:00 GET /api/dashboard/nav-counts -> 200  172.1ms
2026-06-02 09:08:01 GET /api/dashboard/nav-counts -> 200  101.0ms
2026-06-02 09:08:02 GET /api/pod-plan/setups -> 200  12.0ms
2026-06-02 09:08:02 GET /api/pod-plan/setup/20/weekly-obs -> 200  13.7ms
2026-06-02 09:08:02 GET /api/pod-plan/setup -> 200  14.2ms
2026-06-02 09:08:02 GET /api/pod-plan/setup/19/customers -> 200  7.6ms
2026-06-02 09:08:02 GET /api/pod-plan/setup/19/weekly-obs -> 200  8.3ms
2026-06-02 09:08:02 GET /api/dashboard/nav-counts -> 200  27.3ms
2026-06-02 09:08:02 GET /api/dashboard/nav-counts -> 200  86.8ms
2026-06-02 09:08:02 GET /api/dashboard/nav-counts -> 200  66.8ms
2026-06-02 09:08:04 GET /api/dashboard/nav-counts -> 200  71.0ms
2026-06-02 09:08:04 GET /api/pod-plan/setup/19/working-days -> 200  7.0ms
2026-06-02 09:08:04 GET /api/pod-plan/setup/19/monthly-progress -> 200  9.5ms
2026-06-02 09:08:05 GET /api/pod-plan/setup/19/daily/2026-06-02 -> 200  136.2ms
2026-06-02 09:08:06 GET /api/dashboard/nav-counts -> 200  495.9ms
2026-06-02 09:08:06 SLOW GET /api/mails -> 200  1169.8ms
2026-06-02 09:08:06 SLOW GET /api/mails -> 200  1180.0ms
2026-06-02 09:08:06 GET /api/dashboard/nav-counts -> 200  86.2ms
2026-06-02 09:08:08 GET /api/dashboard/nav-counts -> 200  15.2ms
2026-06-02 09:08:09 PATCH /api/mails/1036 -> 200  58.5ms
2026-06-02 09:08:10 GET /api/dashboard/nav-counts -> 200  92.6ms
2026-06-02 09:08:11 GET /jobs -> 200  1.5ms
2026-06-02 09:08:12 GET /logo.jpg -> 200  1.3ms
2026-06-02 09:08:12 GET /favicon.svg -> 200  6.0ms
2026-06-02 09:08:12 GET /api/notifications/stream -> 200  8.4ms
2026-06-02 09:08:12 GET /api/dashboard/notifications -> 200  40.9ms
2026-06-02 09:08:12 GET /api/jobs/client-summary -> 200  48.1ms
2026-06-02 09:08:12 GET /api/dashboard/nav-counts -> 200  135.8ms
2026-06-02 09:08:12 GET /api/jobs -> 200  165.3ms
2026-06-02 09:08:17 GET /api/dashboard/nav-counts -> 200  79.1ms
2026-06-02 09:08:17 GET /api/dashboard/nav-counts -> 200  82.7ms
2026-06-02 09:08:18 GET /api/dashboard/nav-counts -> 200  17.5ms
2026-06-02 09:08:18 GET /api/dashboard/nav-counts -> 200  83.6ms
2026-06-02 09:08:18 GET /api/dashboard/nav-counts -> 200  72.6ms
2026-06-02 09:08:19 GET /api/health -> 200  1.5ms
2026-06-02 09:08:21 GET /api/dashboard/nav-counts -> 200  87.2ms
2026-06-02 09:08:22 GET /api/dashboard/nav-counts -> 200  85.7ms
2026-06-02 09:08:23 GET /api/dashboard/nav-counts -> 200  75.5ms
2026-06-02 09:08:25 GET /api/dashboard/nav-counts -> 200  82.6ms
2026-06-02 09:08:25 GET /api/jobs/client-summary -> 200  26.9ms
2026-06-02 09:08:25 GET /api/jobs -> 200  112.8ms
2026-06-02 09:08:26 GET /api/dashboard/nav-counts -> 200  66.5ms
2026-06-02 09:08:26 GET /api/dashboard/nav-counts -> 200  68.5ms
2026-06-02 09:08:26 GET /api/jobs -> 200  32.1ms
2026-06-02 09:08:27 GET /api/dashboard/nav-counts -> 200  80.1ms
2026-06-02 09:08:27 GET /api/dashboard/nav-counts -> 200  68.3ms
2026-06-02 09:08:27 GET /api/dashboard/nav-counts -> 200  66.9ms
2026-06-02 09:08:28 GET /api/dashboard/nav-counts -> 200  68.3ms
2026-06-02 09:08:28 GET /api/dashboard/nav-counts -> 200  76.1ms
2026-06-02 09:08:31 GET /api/dashboard/nav-counts -> 200  97.1ms
2026-06-02 09:08:32 GET /api/dashboard/nav-counts -> 200  96.5ms
2026-06-02 09:08:32 GET /api/dashboard/nav-counts -> 200  29.5ms
2026-06-02 09:08:33 GET /api/dashboard/nav-counts -> 200  79.7ms
2026-06-02 09:08:35 GET /api/dashboard/nav-counts -> 200  73.5ms
2026-06-02 09:08:39 GET /api/dashboard/nav-counts -> 200  93.8ms
2026-06-02 09:08:41 GET /api/dashboard/nav-counts -> 200  81.3ms
2026-06-02 09:08:43 GET /api/dashboard/nav-counts -> 200  34.6ms
2026-06-02 09:08:43 POST /api/auth/login -> 200  517.7ms
2026-06-02 09:08:43 GET /api/dashboard/nav-counts -> 200  101.4ms
2026-06-02 09:08:44 GET /api/dashboard/nav-counts -> 200  194.7ms
2026-06-02 09:08:44 GET /api/jobs -> 200  66.0ms
2026-06-02 09:08:44 GET /candidates -> 200  3.1ms
2026-06-02 09:08:44 GET /logo.jpg -> 200  11.4ms
2026-06-02 09:08:44 GET /api/notifications/stream -> 200  9.3ms
2026-06-02 09:08:44 GET /api/dashboard/notifications -> 200  42.1ms
2026-06-02 09:08:44 GET /favicon.svg -> 200  41.7ms
2026-06-02 09:08:45 GET /api/dashboard/nav-counts -> 200  441.2ms
2026-06-02 09:08:45 GET /api/candidates -> 200  898.6ms
2026-06-02 09:08:45 GET /api/hrbp/notifications -> 200  112.0ms
2026-06-02 09:08:45 GET /api/jobs -> 200  589.9ms
2026-06-02 09:08:45 GET /api/candidates -> 200  676.1ms
2026-06-02 09:08:45 GET /api/dashboard/nav-counts -> 200  729.5ms
2026-06-02 09:08:45 GET /api/dashboard/nav-counts -> 200  19.7ms
2026-06-02 09:08:46 GET /api/dashboard/nav-counts -> 200  149.7ms
2026-06-02 09:08:47 GET /api/dashboard/nav-counts -> 200  162.9ms
2026-06-02 09:08:47 GET /api/coo/recruiter-leaderboard -> 200  219.2ms
2026-06-02 09:08:48 GET /api/dashboard/nav-counts -> 200  113.9ms
2026-06-02 09:08:49 GET /api/dashboard/nav-counts -> 200  131.8ms
2026-06-02 09:08:49 GET /api/health -> 200  6.1ms
2026-06-02 09:08:51 GET /api/coo/client-pipeline -> 200  652.0ms
2026-06-02 09:08:53 GET /api/dashboard/nav-counts -> 200  84.8ms
2026-06-02 09:08:54 GET /api/dashboard/nav-counts -> 200  80.0ms
2026-06-02 09:08:54 GET /api/coo/recruiter-leaderboard -> 200  115.5ms
2026-06-02 09:08:54 GET /api/dashboard/nav-counts -> 200  77.9ms
2026-06-02 09:08:56 GET /api/coo/client-pipeline -> 200  611.6ms
2026-06-02 09:08:57 GET /api/dashboard/nav-counts -> 200  4.6ms
2026-06-02 09:08:58 GET /api/dashboard/nav-counts -> 200  84.3ms
2026-06-02 09:08:59 GET /api/dashboard/nav-counts -> 200  96.4ms
2026-06-02 09:08:59 GET /api/dashboard/nav-counts -> 200  78.1ms
2026-06-02 09:09:00 GET /api/dashboard/nav-counts -> 200  168.8ms
2026-06-02 09:09:02 GET /api/dashboard/nav-counts -> 200  118.6ms
2026-06-02 09:09:03 GET /api/dashboard/nav-counts -> 200  13.5ms
2026-06-02 09:09:05 GET /api/dashboard/nav-counts -> 200  79.4ms
2026-06-02 09:09:05 GET /api/dashboard/nav-counts -> 200  13.0ms
2026-06-02 09:09:06 GET /leaderboard -> 200  1.4ms
2026-06-02 09:09:06 GET /assets/index-BWAoNGZT.js -> 200  1.8ms
2026-06-02 09:09:06 GET /assets/index-B8GOpH0E.css -> 200  2.1ms
2026-06-02 09:09:06 GET /api/dashboard/nav-counts -> 200  106.8ms
2026-06-02 09:09:06 GET /logo.jpg -> 200  2.1ms
2026-06-02 09:09:06 GET /api/notifications/stream -> 200  3.2ms
2026-06-02 09:09:06 GET /api/dashboard/notifications -> 200  17.3ms
2026-06-02 09:09:06 GET /favicon.svg -> 200  1.8ms
2026-06-02 09:09:06 GET /api/dashboard/nav-counts -> 200  25.8ms
2026-06-02 09:09:06 GET /api/coo/recruiter-leaderboard -> 200  186.1ms
2026-06-02 09:09:06 GET /api/dashboard/nav-counts -> 200  102.6ms
2026-06-02 09:09:08 GET /api/dashboard/nav-counts -> 200  13.5ms
2026-06-02 09:09:10 GET /api/dashboard/nav-counts -> 200  106.5ms
2026-06-02 09:09:13 SLOW GET /api/mails -> 200  3483.1ms
2026-06-02 09:09:15 SLOW GET /api/dashboard/nav-counts -> 200  2008.8ms
2026-06-02 09:09:17 GET /api/dashboard/nav-counts -> 200  110.9ms
2026-06-02 09:09:18 GET /api/dashboard/nav-counts -> 200  91.3ms
2026-06-02 09:09:18 GET /api/dashboard/nav-counts -> 200  113.1ms
2026-06-02 09:09:19 SLOW GET /api/dashboard/nav-counts -> 200  1369.8ms
2026-06-02 09:09:19 GET /api/health -> 200  3.1ms
2026-06-02 09:09:20 SLOW GET /api/dashboard/nav-counts -> 200  2118.2ms
2026-06-02 09:09:21 GET /api/coo/recruiter-leaderboard -> 200  341.1ms
2026-06-02 09:09:22 GET /api/dashboard/nav-counts -> 200  836.4ms
2026-06-02 09:09:25 GET /api/notifications/stream -> 200  1.2ms
2026-06-02 09:09:25 SLOW GET /api/dashboard/nav-counts -> 200  2620.7ms
2026-06-02 09:09:26 SLOW GET /api/dashboard/nav-counts -> 200  3001.1ms
2026-06-02 09:09:29 SLOW GET /api/dashboard/nav-counts -> 200  3535.0ms
2026-06-02 09:09:33 GET /api/dashboard/nav-counts -> 200  131.4ms
2026-06-02 09:09:33 SLOW GET /api/dashboard/nav-counts -> 200  6094.2ms
2026-06-02 09:09:37 SLOW GET /api/dashboard/nav-counts -> 200  8389.4ms
2026-06-02 09:09:42 GET /candidates -> 200  2.1ms
2026-06-02 09:09:42 GET /assets/index-BWAoNGZT.js -> 200  1.8ms
2026-06-02 09:09:42 GET /assets/index-B8GOpH0E.css -> 200  3.2ms
2026-06-02 09:09:42 GET /logo.jpg -> 200  2.2ms
2026-06-02 09:09:42 GET /api/notifications/stream -> 200  2.8ms
2026-06-02 09:09:42 GET /favicon.svg -> 200  3.7ms
2026-06-02 09:09:42 GET /api/dashboard/notifications -> 200  113.1ms
2026-06-02 09:09:43 GET /api/jobs/client-summary -> 200  316.4ms
2026-06-02 09:09:44 GET /api/dashboard/nav-counts -> 200  730.6ms
2026-06-02 09:09:46 GET /api/dashboard/nav-counts -> 200  242.8ms
2026-06-02 09:09:48 GET /jobs -> 200  2.5ms
2026-06-02 09:09:48 GET /assets/index-B8GOpH0E.css -> 200  3.2ms
2026-06-02 09:09:48 GET /assets/index-BWAoNGZT.js -> 200  3.1ms
2026-06-02 09:09:49 GET /api/notifications/stream -> 200  1.5ms
2026-06-02 09:09:49 GET /logo.jpg -> 200  6.6ms
2026-06-02 09:09:49 GET /favicon.svg -> 200  2.7ms
2026-06-02 09:09:49 SLOW GET /api/dashboard/nav-counts -> 200  14497.8ms
2026-06-02 09:09:49 GET /api/jobs/client-summary -> 200  294.8ms
2026-06-02 09:09:49 GET /api/health -> 200  4.3ms
2026-06-02 09:09:50 SLOW POST /api/auth/login -> 200  1377.9ms
2026-06-02 09:09:50 GET /api/notifications/stream -> 200  5.9ms
2026-06-02 09:09:50 GET /api/dashboard/notifications -> 200  112.4ms
2026-06-02 09:09:51 GET /api/jobs/client-summary -> 200  560.0ms
2026-06-02 09:09:52 SLOW GET /api/dashboard/nav-counts -> 200  23936.8ms
2026-06-02 09:09:52 SLOW GET /api/dashboard/nav-counts -> 200  19977.9ms
2026-06-02 09:09:53 SLOW GET /api/coo/recruiter-leaderboard -> 200  1650.2ms
2026-06-02 09:09:53 SLOW GET /api/dashboard/nav-counts -> 200  28221.7ms
2026-06-02 09:09:53 SLOW GET /api/dashboard/nav-counts -> 200  9054.8ms
2026-06-02 09:09:53 SLOW GET /api/hrbp/notifications -> 200  8621.1ms
2026-06-02 09:09:55 SLOW GET /api/coo/recruiter-leaderboard -> 200  9276.5ms
2026-06-02 09:09:55 SLOW GET /api/jobs/client-summary -> 200  8536.1ms
2026-06-02 09:09:56 SLOW GET /api/dashboard/nav-counts -> 200  26701.4ms
2026-06-02 09:09:58 SLOW GET /api/jobs -> 200  6651.5ms
2026-06-02 09:09:58 SLOW GET /api/dashboard/nav-counts -> 200  30838.5ms
2026-06-02 09:09:58 SLOW GET /api/dashboard/notifications -> 200  9632.7ms
2026-06-02 09:10:03 SLOW GET /api/dashboard/nav-counts -> 200  35806.2ms
2026-06-02 09:10:08 GET /api/business-heads -> 200  104.0ms
2026-06-02 09:10:09 GET /api/users/delivery-leads -> 200  358.2ms
2026-06-02 09:10:09 GET /api/users/kams -> 200  600.3ms
2026-06-02 09:10:09 GET /api/clients -> 200  730.0ms
2026-06-02 09:10:13 SLOW GET /api/coo/recruiter-leaderboard -> 200  1418.1ms
2026-06-02 09:10:14 SLOW GET /api/dashboard/nav-counts -> 200  42260.5ms
2026-06-02 09:10:15 SLOW GET /api/users -> 200  1190.5ms
2026-06-02 09:10:17 SLOW GET /api/jobs -> 200  1467.2ms
2026-06-02 09:10:18 GET /api/notifications/stream -> 200  1.7ms
2026-06-02 09:10:19 GET /api/health -> 200  2.2ms
2026-06-02 09:10:20 GET /api/notifications/stream -> 200  9.3ms
2026-06-02 09:10:20 GET /api/dashboard/nav-counts -> 200  484.6ms
2026-06-02 09:10:23 SLOW GET /api/dashboard/nav-counts -> 200  47771.2ms
2026-06-02 09:10:23 SLOW GET /api/dashboard/nav-counts -> 200  24765.8ms
2026-06-02 09:10:25 GET /jobs -> 200  2.1ms
2026-06-02 09:10:25 GET /assets/index-BWAoNGZT.js -> 200  1.9ms
2026-06-02 09:10:25 GET /assets/index-B8GOpH0E.css -> 200  9.4ms
2026-06-02 09:10:26 GET /logo.jpg -> 200  2.7ms
2026-06-02 09:10:26 GET /api/notifications/stream -> 200  1.3ms
2026-06-02 09:10:26 GET /favicon.svg -> 200  5.0ms
2026-06-02 09:10:26 GET /api/dashboard/notifications -> 200  413.4ms
2026-06-02 09:10:27 GET /api/jobs/client-summary -> 200  606.4ms
2026-06-02 09:10:28 SLOW GET /api/users/team-assignments -> 200  13901.2ms
2026-06-02 09:10:33 SLOW POST /api/resume-extract -> 200  5703.2ms
2026-06-02 09:10:33 SLOW GET /api/followup/jobs -> 200  54519.0ms
2026-06-02 09:10:35 SLOW GET /api/jobs -> 200  52509.2ms
2026-06-02 09:10:40 SLOW POST /api/resume-extract -> 200  5649.1ms
2026-06-02 09:10:40 SLOW GET /api/dashboard/nav-counts -> 200  58339.2ms
2026-06-02 09:10:41 SLOW GET /api/dashboard/nav-counts -> 200  59552.6ms
2026-06-02 09:10:42 SLOW GET /api/jobs -> 200  52962.2ms
2026-06-02 09:10:42 SLOW GET /api/jobs -> 200  1377.2ms
2026-06-02 09:10:44 SLOW GET /api/jobs -> 200  1516.5ms
2026-06-02 09:10:45 SLOW GET /api/jobs -> 200  62377.8ms
2026-06-02 09:10:45 SLOW GET /api/jobs -> 200  1581.7ms
2026-06-02 09:10:46 GET /api/dashboard/nav-counts -> 200  227.6ms
2026-06-02 09:10:46 SLOW GET /api/dashboard/nav-counts -> 200  61992.7ms
2026-06-02 09:10:48 SLOW GET /api/dashboard/nav-counts -> 200  59291.9ms
2026-06-02 09:10:49 SLOW GET /api/dashboard/nav-counts -> 200  59895.0ms
2026-06-02 09:10:49 SLOW GET /api/jobs -> 200  62425.3ms
2026-06-02 09:10:50 GET /api/health -> 200  3.6ms
2026-06-02 09:10:50 SLOW GET /api/dashboard/nav-counts -> 200  61034.9ms
2026-06-02 09:10:51 SLOW GET /api/dashboard/nav-counts -> 200  5660.5ms
2026-06-02 09:10:52 SLOW GET /api/dashboard/nav-counts -> 200  72620.9ms
2026-06-02 09:10:54 SLOW GET /api/dashboard/nav-counts -> 200  68283.9ms
2026-06-02 09:10:54 SLOW GET /api/dashboard/nav-counts -> 200  70113.3ms
2026-06-02 09:10:56 SLOW GET /api/candidates -> 200  73811.2ms
2026-06-02 09:11:02 SLOW GET /api/jobs -> 200  1280.7ms
2026-06-02 09:11:03 GET /api/jobs -> 200  467.7ms
2026-06-02 09:11:04 SLOW GET /api/jobs -> 200  2055.0ms
2026-06-02 09:11:08 SLOW GET /api/dashboard/nav-counts -> 200  78210.4ms
2026-06-02 09:11:09 SLOW GET /api/jobs -> 200  78760.2ms
2026-06-02 09:11:09 SLOW GET /api/dashboard/nav-counts -> 200  75907.1ms
2026-06-02 09:11:10 SLOW GET /api/dashboard/nav-counts -> 200  67480.9ms
2026-06-02 09:11:10 SLOW GET /api/dashboard/nav-counts -> 200  75916.7ms
2026-06-02 09:11:10 SLOW GET /api/dashboard/nav-counts -> 200  1928.5ms
2026-06-02 09:11:11 SLOW GET /api/dashboard/nav-counts -> 200  66705.1ms
2026-06-02 09:11:11 SLOW GET /api/dashboard/nav-counts -> 200  64956.1ms
2026-06-02 09:11:11 SLOW GET /api/dashboard/nav-counts -> 200  83418.8ms
2026-06-02 09:11:14 SLOW GET /api/dashboard/nav-counts -> 200  75009.7ms
2026-06-02 09:11:15 SLOW GET /api/dashboard/nav-counts -> 200  80697.7ms
2026-06-02 09:11:16 SLOW GET /api/dashboard/nav-counts -> 200  67745.8ms
2026-06-02 09:11:16 SLOW GET /api/jobs/client-summary -> 200  66690.0ms
2026-06-02 09:11:20 GET /api/health -> 200  3.4ms
2026-06-02 09:11:20 GET /jobs -> 200  3.8ms
2026-06-02 09:11:21 GET /assets/index-BWAoNGZT.js -> 200  2.2ms
2026-06-02 09:11:22 GET /logo.jpg -> 200  5.1ms
2026-06-02 09:11:22 GET /favicon.svg -> 200  5.9ms
2026-06-02 09:11:22 GET /api/notifications/stream -> 200  4.8ms
2026-06-02 09:11:22 GET /api/dashboard/nav-counts -> 200  562.4ms
2026-06-02 09:11:22 SLOW GET /api/dashboard/nav-counts -> 200  76775.9ms
2026-06-02 09:11:23 SLOW GET /api/jobs -> 200  2258.0ms
2026-06-02 09:11:23 SLOW GET /api/dashboard/notifications -> 200  1388.3ms
2026-06-02 09:11:23 GET /api/business-heads -> 200  166.7ms
2026-06-02 09:11:24 SLOW GET /api/jobs -> 200  2046.3ms
2026-06-02 09:11:25 SLOW GET /api/clients -> 200  1253.3ms
2026-06-02 09:11:26 GET /api/notifications/stream -> 200  4.3ms
2026-06-02 09:11:27 SLOW GET /api/users/delivery-leads -> 200  3227.0ms
2026-06-02 09:11:27 SLOW GET /api/jobs -> 200  1718.3ms
2026-06-02 09:11:28 SLOW GET /api/dashboard/nav-counts -> 200  74814.0ms
2026-06-02 09:11:32 SLOW GET /api/jobs -> 200  82898.3ms
2026-06-02 09:11:32 SLOW GET /api/dashboard/nav-counts -> 200  2810.9ms
2026-06-02 09:11:32 SLOW GET /api/candidates -> 200  83221.4ms
2026-06-02 09:11:34 SLOW GET /api/targets -> 200  11837.0ms
2026-06-02 09:11:34 SLOW GET /api/dashboard/nav-counts -> 200  67981.1ms
2026-06-02 09:11:38 SLOW GET /api/dashboard/nav-counts -> 200  81128.8ms
2026-06-02 09:11:38 SLOW GET /api/dashboard/nav-counts -> 200  79983.8ms
2026-06-02 09:11:40 SLOW GET /api/dashboard/nav-counts -> 200  1329.7ms
2026-06-02 09:11:42 GET /api/dashboard/nav-counts -> 401  21.6ms
2026-06-02 09:11:43 GET /login -> 200  1.7ms
2026-06-02 09:11:43 GET /logo.jpg -> 200  1.6ms
2026-06-02 09:11:43 SLOW GET /api/dashboard/nav-counts -> 200  93595.7ms
2026-06-02 09:11:44 SLOW GET /api/dashboard/nav-counts -> 200  76502.6ms
2026-06-02 09:11:45 SLOW GET /api/jobs -> 200  1284.7ms
2026-06-02 09:11:46 SLOW GET /api/validation/queue -> 200  97277.7ms
2026-06-02 09:11:47 SLOW GET /api/dashboard/nav-counts -> 200  79894.6ms
2026-06-02 09:11:48 SLOW GET /api/dashboard/nav-counts -> 200  2160.6ms
2026-06-02 09:11:48 SLOW GET /api/jobs -> 200  97941.6ms
2026-06-02 09:11:50 GET /api/health -> 200  3.2ms
2026-06-02 09:11:51 SLOW GET /api/jobs -> 200  96053.4ms
2026-06-02 09:11:52 SLOW GET /api/dashboard/nav-counts -> 200  113045.1ms
2026-06-02 09:11:54 SLOW GET /api/dashboard/nav-counts -> 200  1521.6ms
2026-06-02 09:12:00 SLOW GET /api/dashboard/nav-counts -> 200  98377.6ms
2026-06-02 09:12:00 SLOW GET /api/dashboard/nav-counts -> 200  94178.5ms
2026-06-02 09:12:01 GET /jobs -> 200  2.5ms
2026-06-02 09:12:01 GET /logo.jpg -> 200  5.9ms
2026-06-02 09:12:02 GET /favicon.svg -> 200  2.4ms
2026-06-02 09:12:02 GET /api/notifications/stream -> 200  2.1ms
2026-06-02 09:12:03 SLOW GET /api/jobs/client-summary -> 200  1281.7ms
2026-06-02 09:12:03 SLOW GET /api/dashboard/notifications -> 200  1635.9ms
2026-06-02 09:12:03 SLOW GET /api/dashboard/nav-counts -> 200  89975.1ms
2026-06-02 09:12:05 SLOW GET /api/dashboard/nav-counts -> 200  1270.4ms
2026-06-02 09:12:06 SLOW GET /api/dashboard/nav-counts -> 200  9176.1ms
2026-06-02 09:12:06 SLOW GET /api/jobs -> 200  2674.9ms
2026-06-02 09:12:06 SLOW GET /api/jobs -> 200  92795.3ms
2026-06-02 09:12:06 GET /jobs -> 200  6.0ms
2026-06-02 09:12:06 GET /assets/index-B8GOpH0E.css -> 200  1.8ms
2026-06-02 09:12:06 GET /assets/index-BWAoNGZT.js -> 200  2.9ms
2026-06-02 09:12:06 SLOW GET /api/dashboard/nav-counts -> 200  97997.8ms
2026-06-02 09:12:06 GET /logo.jpg -> 200  2.2ms
2026-06-02 09:12:06 GET /favicon.svg -> 200  4.6ms
2026-06-02 09:12:06 GET /api/notifications/stream -> 200  2.7ms
2026-06-02 09:12:08 SLOW GET /api/jobs/client-summary -> 200  1330.9ms
2026-06-02 09:12:09 GET /api/dashboard/nav-counts -> 200  480.2ms
2026-06-02 09:12:12 SLOW GET /api/dashboard/nav-counts -> 200  82954.7ms
2026-06-02 09:12:13 SLOW GET /api/dashboard/nav-counts -> 200  120777.9ms
2026-06-02 09:12:15 SLOW GET /api/dashboard/nav-counts -> 200  60396.4ms
2026-06-02 09:12:15 GET /api/notifications/stream -> 200  1.3ms
2026-06-02 09:12:15 GET /api/notifications/stream -> 200  1.1ms
2026-06-02 09:12:16 SLOW GET /api/dashboard/nav-counts -> 200  86170.1ms
2026-06-02 09:12:18 SLOW GET /api/dashboard/nav-counts -> 200  95730.1ms
2026-06-02 09:12:18 SLOW GET /api/dashboard/nav-counts -> 200  89906.3ms
2026-06-02 09:12:20 GET /api/health -> 200  2.0ms
2026-06-02 09:12:23 SLOW GET /api/dashboard/nav-counts -> 200  19490.8ms
2026-06-02 09:12:24 SLOW GET /api/dashboard/nav-counts -> 200  2052.4ms
2026-06-02 09:12:28 SLOW GET /api/candidates -> 200  114655.6ms
2026-06-02 09:12:28 SLOW GET /api/dashboard/nav-counts -> 200  4472.6ms
2026-06-02 09:12:29 SLOW GET /api/dashboard/nav-counts -> 200  1064.4ms
2026-06-02 09:12:30 SLOW GET /api/dashboard/nav-counts -> 200  1075.8ms
2026-06-02 09:12:31 SLOW GET /api/dashboard/nav-counts -> 200  151456.0ms
2026-06-02 09:12:34 SLOW GET /api/dashboard/nav-counts -> 200  57021.0ms
2026-06-02 09:12:36 SLOW GET /api/dashboard/nav-counts -> 200  62890.9ms
2026-06-02 09:12:39 SLOW GET /api/dashboard/nav-counts -> 200  105323.7ms
2026-06-02 09:12:40 SLOW GET /api/dashboard/nav-counts -> 200  152511.9ms
2026-06-02 09:12:41 SLOW GET /api/jobs -> 200  144035.1ms
2026-06-02 09:12:44 SLOW GET /api/users -> 200  149603.7ms
2026-06-02 09:12:45 SLOW GET /api/dashboard/nav-counts -> 200  119216.7ms
2026-06-02 09:12:47 SLOW GET /api/dashboard/nav-counts -> 200  98630.5ms
2026-06-02 09:12:50 SLOW GET /api/dashboard/nav-counts -> 200  83398.7ms
2026-06-02 09:12:50 SLOW GET /api/dashboard/nav-counts -> 200  91471.3ms
2026-06-02 09:12:52 SLOW GET /api/jobs -> 200  67206.7ms
2026-06-02 09:12:54 SLOW GET /api/dashboard/nav-counts -> 200  103890.2ms
2026-06-02 09:12:55 SLOW GET /api/dashboard/nav-counts -> 200  120703.3ms
2026-06-02 09:13:00 SLOW GET /api/dashboard/nav-counts -> 200  177768.0ms
2026-06-02 09:13:00 SLOW GET /api/dashboard/nav-counts -> 200  91720.5ms
2026-06-02 09:13:01 SLOW GET /api/dashboard/nav-counts -> 200  174710.2ms
2026-06-02 09:13:02 SLOW GET /api/candidates -> 200  167459.5ms
2026-06-02 09:13:03 SLOW GET /api/dashboard/nav-counts -> 500  17470.6ms
2026-06-02 09:13:04 SLOW GET /api/dashboard/nav-counts -> 500  16324.6ms
2026-06-02 09:13:04 SLOW GET /api/dashboard/notifications -> 500  57708.1ms
2026-06-02 09:13:05 SLOW GET /api/dashboard/nav-counts -> 200  1081.8ms
2026-06-02 09:13:05 SLOW GET /api/dashboard/nav-counts -> 200  59571.9ms
2026-06-02 09:13:05 GET /api/hrbp/notifications -> 200  668.8ms
2026-06-02 09:13:05 SLOW GET /api/dashboard/nav-counts -> 500  54337.3ms
2026-06-02 09:13:06 SLOW GET /api/dashboard/nav-counts -> 500  43799.3ms
2026-06-02 09:13:07 SLOW GET /api/dashboard/nav-counts -> 200  132438.9ms
2026-06-02 09:13:08 SLOW GET /api/dashboard/nav-counts -> 200  103935.3ms
2026-06-02 09:13:09 SLOW GET /api/dashboard/nav-counts -> 200  1302.4ms
2026-06-02 09:13:10 SLOW GET /api/dashboard/nav-counts -> 500  42963.7ms
2026-06-02 09:13:10 SLOW GET /api/dashboard/nav-counts -> 500  19761.0ms
2026-06-02 09:13:11 SLOW GET /api/dashboard/nav-counts -> 500  18666.3ms
2026-06-02 09:13:11 SLOW GET /api/dashboard/nav-counts -> 200  191272.3ms
2026-06-02 09:13:11 SLOW GET /api/dashboard/nav-counts -> 200  66945.2ms
2026-06-02 09:13:11 SLOW GET /api/dashboard/nav-counts -> 200  36315.2ms
2026-06-02 09:13:11 SLOW GET /api/jobs -> 200  103980.0ms
2026-06-02 09:13:11 SLOW GET /api/dashboard/nav-counts -> 500  18531.3ms
2026-06-02 09:13:12 SLOW GET /api/dashboard/nav-counts -> 500  16051.2ms
2026-06-02 09:13:13 SLOW POST /api/upload -> 200  167542.2ms
2026-06-02 09:13:14 SLOW GET /api/jobs -> 500  16080.7ms
2026-06-02 09:13:15 SLOW GET /api/dashboard/nav-counts -> 500  11856.8ms
2026-06-02 09:13:15 GET /api/notifications/stream -> 200  1.6ms
2026-06-02 09:13:15 SLOW GET /api/dashboard/nav-counts -> 200  101507.9ms
2026-06-02 09:13:16 SLOW GET /api/dashboard/nav-counts -> 200  57450.6ms
2026-06-02 09:13:19 SLOW GET /api/dashboard/nav-counts -> 200  116448.6ms
2026-06-02 09:13:19 SLOW GET /api/dashboard/nav-counts -> 200  89315.5ms
2026-06-02 09:13:25 GET /api/health -> 200  3.3ms
2026-06-02 09:13:27 SLOW GET /api/dashboard/nav-counts -> 200  1031.6ms
2026-06-02 09:13:27 GET /api/dashboard/nav-counts -> 500  576.6ms
2026-06-02 09:13:29 GET /api/dashboard/nav-counts -> 500  719.4ms
2026-06-02 09:13:30 SLOW GET /api/dashboard/nav-counts -> 200  68776.2ms
2026-06-02 09:13:31 SLOW GET /api/dashboard/nav-counts -> 200  110108.7ms
2026-06-02 09:13:36 SLOW GET /api/dashboard/nav-counts -> 200  66266.2ms
2026-06-02 09:13:37 SLOW GET /api/dashboard/nav-counts -> 200  122962.0ms
2026-06-02 09:13:38 GET /api/dashboard/nav-counts -> 500  868.9ms
2026-06-02 09:13:38 SLOW GET /api/dashboard/nav-counts -> 200  109164.2ms
2026-06-02 09:13:39 SLOW GET /api/dashboard/nav-counts -> 200  61627.6ms
2026-06-02 09:13:40 SLOW GET /api/dashboard/nav-counts -> 200  114494.3ms
2026-06-02 09:13:41 SLOW GET /api/dashboard/nav-counts -> 200  122809.4ms
2026-06-02 09:13:43 SLOW GET /api/jobs -> 200  96110.2ms
2026-06-02 09:13:43 SLOW GET /api/dashboard/nav-counts -> 200  143493.7ms
2026-06-02 09:13:46 SLOW GET /api/dashboard/nav-counts -> 200  111399.6ms
2026-06-02 09:13:46 SLOW GET /api/dashboard/nav-counts -> 200  104483.6ms
2026-06-02 09:13:48 SLOW GET /api/candidates -> 200  140869.6ms
2026-06-02 09:13:49 SLOW GET /api/dashboard/nav-counts -> 200  139512.1ms
2026-06-02 09:13:50 SLOW GET /api/dashboard/nav-counts -> 200  95749.8ms
2026-06-02 09:13:51 SLOW GET /api/dashboard/nav-counts -> 200  5532.2ms
2026-06-02 09:13:51 GET /api/clients -> 500  134.1ms
2026-06-02 09:13:52 SLOW GET /api/jobs -> 200  146007.6ms
2026-06-02 09:13:53 SLOW GET /api/dashboard/nav-counts -> 200  106585.3ms
2026-06-02 09:13:53 SLOW GET /api/dashboard/nav-counts -> 200  103725.6ms
2026-06-02 09:13:59 SLOW GET /api/candidates -> 200  139280.0ms
2026-06-02 09:13:59 SLOW GET /api/dashboard/nav-counts -> 200  113266.4ms
2026-06-02 09:13:59 GET /api/dashboard/nav-counts -> 500  945.2ms
2026-06-02 09:13:59 SLOW GET /api/dashboard/nav-counts -> 200  21189.8ms
2026-06-02 09:14:01 SLOW GET /api/dashboard/nav-counts -> 200  137578.8ms
2026-06-02 09:14:01 SLOW GET /api/dashboard/nav-counts -> 200  102260.9ms
2026-06-02 09:14:02 SLOW GET /api/dashboard/nav-counts -> 200  55523.1ms
2026-06-02 09:14:04 SLOW GET /api/dashboard/nav-counts -> 200  132720.3ms
2026-06-02 09:14:04 GET /api/dashboard/nav-counts -> 200  802.0ms
2026-06-02 09:14:05 SLOW GET /api/dashboard/nav-counts -> 200  1233.3ms
2026-06-02 09:14:05 GET /api/dashboard/nav-counts -> 500  946.7ms
2026-06-02 09:14:06 SLOW GET /api/hrbp/notifications -> 200  1223.6ms
2026-06-02 09:14:06 SLOW GET /api/dashboard/nav-counts -> 200  142280.8ms
2026-06-02 09:14:06 GET /api/dashboard/nav-counts -> 500  784.2ms
2026-06-02 09:14:07 SLOW GET /api/dashboard/nav-counts -> 200  113642.6ms
2026-06-02 09:14:10 SLOW GET /api/users/delivery-leads -> 200  19222.8ms
2026-06-02 09:14:10 SLOW GET /api/dashboard/nav-counts -> 200  52014.1ms
2026-06-02 09:14:12 GET /api/dashboard/nav-counts -> 200  907.7ms
2026-06-02 09:14:13 GET /api/dashboard/nav-counts -> 200  395.3ms
2026-06-02 09:14:15 SLOW GET /api/dashboard/nav-counts -> 200  29226.5ms
2026-06-02 09:14:15 GET /api/notifications/stream -> 200  15.3ms
2026-06-02 09:14:16 GET /api/notifications/stream -> 200  3.2ms
2026-06-02 09:14:17 GET /api/dashboard/nav-counts -> 500  432.9ms
2026-06-02 09:14:19 SLOW GET /api/dashboard/nav-counts -> 200  151386.5ms
2026-06-02 09:14:19 SLOW GET /api/dashboard/nav-counts -> 200  81459.3ms
2026-06-02 09:14:19 SLOW GET /api/dashboard/nav-counts -> 500  1020.7ms
2026-06-02 09:14:20 SLOW GET /api/dashboard/nav-counts -> 200  60566.7ms
2026-06-02 09:14:20 GET /login -> 200  64.4ms
2026-06-02 09:14:20 GET /api/dashboard/nav-counts -> 500  738.0ms
2026-06-02 09:14:21 GET /api/notifications/stream -> 200  1.2ms
2026-06-02 09:14:21 GET /api/notifications/stream -> 200  7.6ms
2026-06-02 09:14:21 SLOW GET /api/dashboard/nav-counts -> 200  76222.6ms
2026-06-02 09:14:23 SLOW POST /api/auth/login -> 200  2621.3ms
2026-06-02 09:14:23 GET /api/notifications/stream -> 200  3.9ms
2026-06-02 09:14:23 SLOW GET /api/dashboard/nav-counts -> 200  88544.6ms
2026-06-02 09:14:23 GET /api/dashboard/nav-counts -> 200  414.4ms
2026-06-02 09:14:24 SLOW GET /api/dashboard/nav-counts -> 500  1697.2ms
2026-06-02 09:14:24 SLOW GET /api/jobs -> 200  1103.4ms
2026-06-02 09:14:25 GET /api/dashboard/nav-counts -> 200  637.8ms
2026-06-02 09:14:25 SLOW GET /api/dashboard/notifications -> 500  1653.1ms
2026-06-02 09:14:26 SLOW GET /api/jobs/client-summary -> 200  2824.1ms
2026-06-02 09:14:26 GET /api/notifications/stream -> 200  1.6ms
2026-06-02 09:14:26 GET /api/dashboard/nav-counts -> 200  73.0ms
2026-06-02 09:14:27 SLOW GET /api/dashboard/nav-counts -> 200  49555.2ms
2026-06-02 09:14:29 SLOW GET /api/jobs -> 200  147355.2ms
2026-06-02 09:14:29 GET /api/jobs/client-summary -> 200  987.9ms
2026-06-02 09:14:29 SLOW GET /api/jobs -> 500  1289.6ms
2026-06-02 09:14:30 SLOW GET /api/dashboard/nav-counts -> 500  1650.5ms
2026-06-02 09:14:30 SLOW GET /api/users/delivery-leads -> 200  1300.7ms
2026-06-02 09:14:30 GET /api/health -> 200  3.3ms
2026-06-02 09:14:31 SLOW GET /api/business-heads -> 500  1687.0ms
2026-06-02 09:14:31 SLOW GET /api/clients -> 200  2322.3ms
2026-06-02 09:14:33 SLOW GET /api/dashboard/nav-counts -> 200  99012.8ms
2026-06-02 09:14:34 GET /api/notifications/stream -> 200  2.3ms
2026-06-02 09:14:36 GET /api/dashboard/nav-counts -> 500  882.1ms
2026-06-02 09:14:36 SLOW GET /api/dashboard/nav-counts -> 200  101350.5ms
2026-06-02 09:14:38 SLOW GET /api/candidates -> 200  190917.4ms
2026-06-02 09:14:38 SLOW GET /api/dashboard/nav-counts -> 200  133685.1ms
2026-06-02 09:14:38 GET /api/notifications/stream -> 200  2.0ms
2026-06-02 09:14:41 SLOW GET /api/dashboard/nav-counts -> 200  166600.0ms
2026-06-02 09:14:42 SLOW GET /api/dashboard/nav-counts -> 200  3721.3ms
2026-06-02 09:14:47 SLOW GET /api/dashboard/nav-counts -> 200  37872.4ms
2026-06-02 09:14:47 SLOW GET /api/dashboard/nav-counts -> 500  1113.9ms
2026-06-02 09:14:47 SLOW GET /api/dashboard/nav-counts -> 200  55130.6ms
2026-06-02 09:14:48 SLOW GET /api/ol-lookup/interview-tracking -> 500  3994.1ms
2026-06-02 09:14:48 SLOW GET /api/dashboard/nav-counts -> 200  270393.0ms
2026-06-02 09:14:48 SLOW GET /api/dashboard/nav-counts -> 500  255821.1ms
2026-06-02 09:14:49 SLOW GET /api/dashboard/nav-counts -> 500  3033.5ms
2026-06-02 09:14:49 SLOW GET /api/dashboard/nav-counts -> 500  256086.4ms
2026-06-02 09:14:49 SLOW GET /api/candidates -> 500  254610.1ms
2026-06-02 09:14:50 SLOW GET /api/dashboard/nav-counts -> 200  272267.4ms
2026-06-02 09:14:50 SLOW GET /api/dashboard/nav-counts -> 200  1536.4ms
2026-06-02 09:14:51 GET /api/dashboard/nav-counts -> 200  773.8ms
2026-06-02 09:14:51 SLOW GET /api/dashboard/nav-counts -> 500  255760.1ms
2026-06-02 09:14:51 SLOW GET /api/dashboard/nav-counts -> 500  256188.7ms
2026-06-02 09:14:51 GET /api/dashboard/nav-counts -> 200  313.6ms
2026-06-02 09:14:51 SLOW GET /api/hrbp/notifications -> 500  246639.9ms
2026-06-02 09:14:52 SLOW GET /api/dashboard/nav-counts -> 500  249132.1ms
2026-06-02 09:14:52 GET /api/hrbp/notifications -> 200  719.6ms
2026-06-02 09:14:53 GET /api/jobs -> 500  528.3ms
2026-06-02 09:14:53 GET /api/dashboard/nav-counts -> 500  667.5ms
2026-06-02 09:14:53 SLOW GET /api/dashboard/nav-counts -> 200  61417.7ms
2026-06-02 09:14:54 SLOW GET /api/dashboard/nav-counts -> 500  241382.9ms
2026-06-02 09:14:54 SLOW GET /api/dashboard/nav-counts -> 500  234832.0ms
2026-06-02 09:14:54 GET /api/dashboard/nav-counts -> 500  728.9ms
2026-06-02 09:14:54 SLOW GET /api/dashboard/nav-counts -> 500  230957.3ms
2026-06-02 09:14:55 SLOW GET /api/dashboard/nav-counts -> 500  225403.9ms
2026-06-02 09:14:55 GET /api/dashboard/nav-counts -> 500  312.1ms
2026-06-02 09:14:55 SLOW GET /api/dashboard/nav-counts -> 500  224405.6ms
2026-06-02 09:14:55 SLOW GET /api/dashboard/nav-counts -> 500  225401.5ms
2026-06-02 09:14:55 SLOW GET /api/health -> 200  125003.3ms
2026-06-02 09:14:56 SLOW GET /api/dashboard/nav-counts -> 200  277781.3ms
2026-06-02 09:14:56 SLOW GET /api/dashboard/nav-counts -> 500  224960.0ms
2026-06-02 09:14:56 SLOW POST /api/auth/login -> 500  224219.1ms
2026-06-02 09:14:56 SLOW GET /api/health -> 200  61075.8ms
2026-06-02 09:14:57 SLOW GET /api/dashboard/nav-counts -> 500  222901.0ms
2026-06-02 09:14:58 SLOW GET /api/dashboard/nav-counts -> 500  221832.9ms
2026-06-02 09:14:58 SLOW GET /api/jobs/client-summary -> 500  219680.7ms
2026-06-02 09:14:58 SLOW GET /api/jobs/client-summary -> 500  221793.2ms
2026-06-02 09:14:58 SLOW GET /api/dashboard/nav-counts -> 200  81792.1ms
2026-06-02 09:14:59 SLOW GET /api/jobs/client-summary -> 500  217314.8ms
2026-06-02 09:14:59 SLOW POST /api/auth/login -> 500  26147.8ms
2026-06-02 09:14:59 SLOW GET /api/dashboard/nav-counts -> 500  130828.7ms
2026-06-02 09:15:01 GET /api/health -> 200  320.5ms
2026-06-02 09:15:02 SLOW GET /api/dashboard/nav-counts -> 200  110749.4ms
2026-06-02 09:15:02 SLOW GET /api/dashboard/nav-counts -> 200  20483.9ms
2026-06-02 09:15:03 SLOW GET /api/dashboard/nav-counts -> 200  29890.0ms
2026-06-02 09:15:09 SLOW GET /api/dashboard/nav-counts -> 200  115440.1ms
2026-06-02 09:15:09 GET /api/notifications/stream -> 200  7.2ms
2026-06-02 09:15:09 GET /api/notifications/stream -> 200  3.7ms
2026-06-02 09:15:09 GET /api/notifications/stream -> 200  10.8ms
2026-06-02 09:15:10 GET /api/notifications/stream -> 200  1.4ms
2026-06-02 09:15:10 GET /api/notifications/stream -> 200  2.4ms
2026-06-02 09:15:10 GET /api/notifications/stream -> 200  2.9ms
2026-06-02 09:15:10 GET /api/notifications/stream -> 200  1.0ms
2026-06-02 09:15:10 GET /api/notifications/stream -> 200  3.0ms
2026-06-02 09:15:10 GET /api/notifications/stream -> 200  1.8ms
2026-06-02 09:15:10 GET /api/notifications/stream -> 200  1.4ms
2026-06-02 09:15:10 GET /api/notifications/stream -> 200  1.7ms
2026-06-02 09:15:10 GET /api/notifications/stream -> 200  1.5ms
2026-06-02 09:15:11 SLOW GET /api/dashboard/nav-counts -> 200  112419.2ms
2026-06-02 09:15:12 SLOW GET /api/dashboard/nav-counts -> 200  140149.5ms
2026-06-02 09:15:12 SLOW GET /api/dashboard/nav-counts -> 200  126372.5ms
2026-06-02 09:15:13 SLOW GET /api/jobs -> 200  28009.4ms
2026-06-02 09:15:14 SLOW GET /api/dashboard/nav-counts -> 200  10465.1ms
2026-06-02 09:15:16 SLOW GET /api/dashboard/nav-counts -> 200  84583.3ms
2026-06-02 09:15:19 GET /api/dashboard/nav-counts -> 500  201.4ms
2026-06-02 09:15:20 GET /api/dashboard/nav-counts -> 500  722.8ms
2026-06-02 09:15:21 SLOW GET /api/dashboard/nav-counts -> 200  124988.5ms
2026-06-02 09:15:21 SLOW GET /api/dashboard/nav-counts -> 200  126269.2ms
2026-06-02 09:15:24 SLOW GET /api/jobs/client-summary -> 200  25312.6ms
2026-06-02 09:15:25 SLOW GET /api/dashboard/nav-counts -> 200  1160.4ms
2026-06-02 09:15:25 SLOW GET /api/dashboard/nav-counts -> 200  78091.3ms
2026-06-02 09:15:29 SLOW GET /api/dashboard/nav-counts -> 200  67656.3ms
2026-06-02 09:15:30 GET /jobs -> 200  8.5ms
2026-06-02 09:15:30 GET /assets/index-BWAoNGZT.js -> 200  3.5ms
2026-06-02 09:15:31 GET /logo.jpg -> 200  3.2ms
2026-06-02 09:15:31 GET /api/notifications/stream -> 200  1.8ms
2026-06-02 09:15:31 GET /favicon.svg -> 200  9.4ms
2026-06-02 09:15:31 GET /api/health -> 200  2.4ms
2026-06-02 09:15:31 GET /api/notifications/stream -> 200  2.1ms
2026-06-02 09:15:31 SLOW GET /api/dashboard/nav-counts -> 200  152024.6ms
2026-06-02 09:15:32 SLOW GET /api/jobs/client-summary -> 200  1516.1ms
2026-06-02 09:15:33 GET /api/dashboard/nav-counts -> 200  682.8ms
2026-06-02 09:15:34 SLOW GET /api/dashboard/nav-counts -> 200  161489.7ms
2026-06-02 09:15:35 SLOW GET /api/dashboard/nav-counts -> 200  30742.3ms
2026-06-02 09:15:43 SLOW GET /api/dashboard/nav-counts -> 200  130517.3ms
2026-06-02 09:15:43 GET /api/notifications/stream -> 200  1.6ms
2026-06-02 09:15:43 GET /api/notifications/stream -> 200  17.7ms
2026-06-02 09:15:43 GET /api/notifications/stream -> 200  1.5ms
2026-06-02 09:15:44 GET /api/notifications/stream -> 200  19.7ms
2026-06-02 09:15:44 GET /api/notifications/stream -> 200  1.9ms
2026-06-02 09:15:44 GET /api/notifications/stream -> 200  3.6ms
2026-06-02 09:15:45 SLOW GET /api/dashboard/nav-counts -> 200  142521.3ms
2026-06-02 09:15:46 SLOW GET /api/jobs/client-summary -> 200  28325.6ms
2026-06-02 09:15:47 SLOW GET /api/dashboard/nav-counts -> 200  1376.4ms
2026-06-02 09:15:48 SLOW GET /api/dashboard/nav-counts -> 200  19746.0ms
2026-06-02 09:15:48 SLOW GET /api/dashboard/nav-counts -> 200  48597.6ms
2026-06-02 09:15:49 SLOW GET /api/dashboard/nav-counts -> 200  124667.0ms
2026-06-02 09:15:51 SLOW GET /api/dashboard/nav-counts -> 200  141472.0ms
2026-06-02 09:15:53 SLOW GET /api/dashboard/nav-counts -> 200  107896.9ms
2026-06-02 09:15:54 SLOW GET /api/dashboard/nav-counts -> 200  1769.7ms
2026-06-02 09:15:55 SLOW GET /api/dashboard/nav-counts -> 200  131304.2ms
2026-06-02 09:15:56 SLOW GET /api/dashboard/nav-counts -> 200  121039.1ms
2026-06-02 09:15:56 SLOW POST /api/jd-extract -> 200  26406.2ms
2026-06-02 09:15:56 SLOW GET /api/dashboard/nav-counts -> 200  48038.1ms
2026-06-02 09:15:59 GET /api/coo/recruiter-leaderboard -> 500  610.6ms
2026-06-02 09:16:00 SLOW GET /api/dashboard/nav-counts -> 200  135485.5ms
2026-06-02 09:16:00 SLOW GET /api/dashboard/nav-counts -> 200  16364.1ms
2026-06-02 09:16:00 SLOW GET /api/hrbp/notifications -> 200  15672.0ms
2026-06-02 09:16:01 GET /api/health -> 200  9.9ms
2026-06-02 09:16:02 GET /leaderboard -> 200  28.5ms
2026-06-02 09:16:02 SLOW GET /api/dashboard/nav-counts -> 200  113482.9ms
2026-06-02 09:16:02 GET /favicon.svg -> 200  3.3ms
2026-06-02 09:16:02 GET /logo.jpg -> 200  15.4ms
2026-06-02 09:16:02 GET /api/notifications/stream -> 200  2.3ms
2026-06-02 09:16:02 SLOW GET /api/dashboard/nav-counts -> 200  87719.0ms
2026-06-02 09:16:05 SLOW GET /api/candidates -> 200  98031.3ms
2026-06-02 09:16:05 SLOW GET /api/dashboard/nav-counts -> 500  1162.3ms
2026-06-02 09:16:05 SLOW GET /api/dashboard/nav-counts -> 200  47024.8ms
2026-06-02 09:16:07 SLOW GET /api/dashboard/nav-counts -> 200  64005.9ms
2026-06-02 09:16:07 GET /leaderboard -> 200  5.3ms
2026-06-02 09:16:07 GET /logo.jpg -> 200  2.9ms
2026-06-02 09:16:07 GET /favicon.svg -> 200  8.4ms
2026-06-02 09:16:07 GET /api/notifications/stream -> 200  2.0ms
2026-06-02 09:16:08 GET /api/dashboard/nav-counts -> 500  264.7ms
2026-06-02 09:16:08 SLOW GET /api/dashboard/nav-counts -> 200  113976.3ms
2026-06-02 09:16:08 SLOW GET /api/dashboard/nav-counts -> 200  162511.4ms
2026-06-02 09:16:08 GET /leaderboard -> 200  13.2ms
2026-06-02 09:16:09 GET /favicon.svg -> 200  6.0ms
2026-06-02 09:16:09 GET /logo.jpg -> 200  6.1ms
2026-06-02 09:16:09 GET /api/notifications/stream -> 200  3.7ms
2026-06-02 09:16:09 GET /leaderboard -> 200  5.1ms
2026-06-02 09:16:09 GET /favicon.svg -> 200  6.5ms
2026-06-02 09:16:10 GET /api/notifications/stream -> 200  14.4ms
2026-06-02 09:16:10 SLOW GET /api/coo/recruiter-leaderboard -> 200  8193.0ms
2026-06-02 09:16:12 SLOW GET /api/dashboard/nav-counts -> 200  3154.5ms
2026-06-02 09:16:12 SLOW GET /api/dashboard/nav-counts -> 200  154546.2ms
2026-06-02 09:16:13 SLOW GET /api/jobs -> 200  105977.8ms
2026-06-02 09:16:13 SLOW GET /api/dashboard/nav-counts -> 200  343345.4ms
2026-06-02 09:16:19 SLOW GET /api/dashboard/nav-counts -> 200  73494.6ms
2026-06-02 09:16:20 SLOW GET /api/dashboard/nav-counts -> 500  1348.3ms
2026-06-02 09:16:20 SLOW GET /api/dashboard/nav-counts -> 200  62956.8ms
2026-06-02 09:16:20 GET /api/notifications/stream -> 200  5.3ms
2026-06-02 09:16:21 SLOW GET /api/dashboard/nav-counts -> 500  1507.3ms
2026-06-02 09:16:22 SLOW GET /api/dashboard/nav-counts -> 200  147575.0ms
2026-06-02 09:16:23 SLOW GET /api/dashboard/nav-counts -> 200  126577.6ms
2026-06-02 09:16:23 GET /api/dashboard/nav-counts -> 500  736.2ms
2026-06-02 09:16:36 SLOW GET /api/dashboard/nav-counts -> 200  87988.1ms
2026-06-02 09:16:37 SLOW GET /api/dashboard/nav-counts -> 200  372090.9ms
2026-06-02 09:16:37 SLOW GET /api/dashboard/notifications -> 200  65690.6ms
2026-06-02 09:16:37 SLOW GET /api/dashboard/nav-counts -> 200  150609.7ms
2026-06-02 09:16:37 SLOW GET /api/dashboard/nav-counts -> 200  130442.7ms
2026-06-02 09:16:37 SLOW GET /api/dashboard/nav-counts -> 200  127731.0ms
2026-06-02 09:16:37 SLOW GET /api/dashboard/nav-counts -> 200  119959.7ms
2026-06-02 09:16:37 GET /api/health -> 200  10.5ms
2026-06-02 09:16:37 SLOW GET /api/jobs -> 200  1118.7ms
2026-06-02 09:16:38 SLOW GET /api/dashboard/nav-counts -> 200  56009.5ms
2026-06-02 09:16:38 SLOW GET /api/jobs -> 200  371680.4ms
2026-06-02 09:16:38 SLOW GET /api/dashboard/nav-counts -> 200  35871.5ms
2026-06-02 09:16:39 SLOW GET /api/dashboard/notifications -> 200  29278.0ms
2026-06-02 09:16:40 SLOW GET /api/dashboard/nav-counts -> 200  141314.7ms
2026-06-02 09:16:41 SLOW GET /api/dashboard/nav-counts -> 200  97014.8ms
2026-06-02 09:16:44 SLOW GET /api/dashboard/nav-counts -> 200  120635.8ms
2026-06-02 09:16:44 GET /leaderboard -> 200  52.9ms
2026-06-02 09:16:44 GET /favicon.svg -> 200  8.6ms
2026-06-02 09:16:44 GET /logo.jpg -> 200  4.8ms
2026-06-02 09:16:44 GET /api/notifications/stream -> 200  2.1ms
2026-06-02 09:16:45 SLOW GET /api/dashboard/nav-counts -> 200  138730.6ms
2026-06-02 09:16:45 SLOW POST /api/auth/login -> 200  2208.8ms
2026-06-02 09:16:45 GET /api/notifications/stream -> 200  2.4ms
2026-06-02 09:16:45 GET /favicon.svg -> 200  13.1ms
2026-06-02 09:16:45 GET /favicon.svg -> 200  3.3ms
2026-06-02 09:16:46 SLOW GET /api/hrbp/notifications -> 200  1363.5ms
2026-06-02 09:16:46 GET /api/notifications/stream -> 200  2.7ms
2026-06-02 09:16:46 GET /api/notifications/stream -> 200  4.1ms
2026-06-02 09:16:46 GET /api/notifications/stream -> 200  4.7ms
2026-06-02 09:16:46 GET /api/notifications/stream -> 200  3.3ms
2026-06-02 09:16:46 GET /api/notifications/stream -> 200  1.6ms
2026-06-02 09:16:47 GET /api/notifications/stream -> 200  1.9ms
2026-06-02 09:16:47 GET /api/notifications/stream -> 200  3.2ms
2026-06-02 09:16:47 GET /api/notifications/stream -> 200  2.9ms
2026-06-02 09:16:47 GET /api/notifications/stream -> 200  3.8ms
2026-06-02 09:16:47 GET /api/notifications/stream -> 200  2.9ms
2026-06-02 09:16:53 SLOW GET /api/dashboard/nav-counts -> 200  86753.9ms
2026-06-02 09:16:54 SLOW GET /api/dashboard/nav-counts -> 200  12108.3ms
2026-06-02 09:17:04 SLOW GET /api/dashboard/nav-counts -> 200  130945.3ms
2026-06-02 09:17:05 SLOW GET /api/dashboard/nav-counts -> 200  77547.0ms
2026-06-02 09:17:05 SLOW GET /api/dashboard/nav-counts -> 200  79023.6ms
2026-06-02 09:17:05 SLOW GET /api/dashboard/nav-counts -> 200  123096.1ms
2026-06-02 09:17:05 SLOW GET /api/dashboard/nav-counts -> 200  42560.9ms
2026-06-02 09:17:05 SLOW GET /api/dashboard/nav-counts -> 200  395812.1ms
2026-06-02 09:17:08 GET /api/health -> 200  21.1ms
2026-06-02 09:17:11 SLOW GET /api/jobs -> 200  112942.4ms
2026-06-02 09:17:12 SLOW GET /api/dashboard/nav-counts -> 200  147212.5ms
2026-06-02 09:17:12 SLOW GET /api/jobs/client-summary -> 200  1517.4ms
2026-06-02 09:17:15 GET /api/notifications/stream -> 200  9.9ms
2026-06-02 09:17:15 GET /api/notifications/stream -> 200  3.1ms
2026-06-02 09:17:15 GET /api/notifications/stream -> 200  5.0ms
2026-06-02 09:17:15 GET /api/notifications/stream -> 200  13.8ms
2026-06-02 09:17:15 GET /api/notifications/stream -> 200  2.0ms
2026-06-02 09:17:15 GET /api/notifications/stream -> 200  3.8ms
2026-06-02 09:17:15 SLOW GET /api/dashboard/nav-counts -> 200  143171.7ms
2026-06-02 09:17:15 GET /api/notifications/stream -> 200  3.0ms
2026-06-02 09:17:16 GET /api/notifications/stream -> 200  4.8ms
2026-06-02 09:17:16 GET /api/notifications/stream -> 200  10.5ms
2026-06-02 09:17:16 GET /api/notifications/stream -> 200  2.3ms
2026-06-02 09:17:18 GET /api/dashboard/nav-counts -> 200  244.4ms
2026-06-02 09:17:24 SLOW GET /api/dashboard/nav-counts -> 200  126196.8ms
2026-06-02 09:17:25 SLOW GET /api/jobs -> 200  4185.5ms
2026-06-02 09:17:26 GET /api/dashboard/nav-counts -> 500  793.0ms
2026-06-02 09:17:26 GET /api/dashboard/nav-counts -> 500  821.5ms
2026-06-02 09:17:27 SLOW GET /api/dashboard/nav-counts -> 200  144650.5ms
2026-06-02 09:17:27 SLOW GET /api/dashboard/notifications -> 200  42537.1ms
2026-06-02 09:17:28 SLOW GET /api/dashboard/nav-counts -> 200  122802.7ms
2026-06-02 09:17:31 SLOW GET /api/dashboard/nav-counts -> 500  1145.8ms
2026-06-02 09:17:32 SLOW GET /api/dashboard/nav-counts -> 200  139368.5ms
2026-06-02 09:17:32 SLOW GET /api/dashboard/nav-counts -> 200  104659.1ms
2026-06-02 09:17:32 SLOW GET /api/dashboard/nav-counts -> 200  158081.0ms
2026-06-02 09:17:32 SLOW GET /api/dashboard/nav-counts -> 200  107657.6ms
2026-06-02 09:17:33 SLOW GET /api/dashboard/nav-counts -> 200  88620.3ms
2026-06-02 09:17:34 SLOW GET /api/dashboard/nav-counts -> 200  136766.2ms
2026-06-02 09:17:34 SLOW GET /api/dashboard/nav-counts -> 200  154961.0ms
2026-06-02 09:17:34 SLOW GET /api/dashboard/notifications -> 200  87177.8ms
2026-06-02 09:17:35 SLOW GET /api/dashboard/nav-counts -> 200  86709.8ms
2026-06-02 09:17:35 SLOW GET /api/dashboard/nav-counts -> 200  29813.3ms
2026-06-02 09:17:38 SLOW GET /api/coo/recruiter-leaderboard -> 200  91092.9ms
2026-06-02 09:17:38 GET /api/health -> 200  1.6ms
2026-06-02 09:17:39 SLOW GET /api/dashboard/nav-counts -> 200  76056.6ms
2026-06-02 09:17:39 GET /api/dashboard/nav-counts -> 500  383.3ms
2026-06-02 09:17:40 SLOW GET /api/dashboard/nav-counts -> 200  127212.4ms
2026-06-02 09:17:43 SLOW GET /api/dashboard/nav-counts -> 500  1504.0ms
2026-06-02 09:17:45 GET /api/dashboard/nav-counts -> 500  835.4ms
2026-06-02 09:17:46 SLOW GET /api/dashboard/nav-counts -> 200  120146.3ms
2026-06-02 09:17:47 SLOW GET /api/dashboard/nav-counts -> 200  70622.0ms
2026-06-02 09:17:47 SLOW GET /api/dashboard/nav-counts -> 200  70716.7ms
2026-06-02 09:17:48 SLOW GET /api/dashboard/nav-counts -> 200  122554.1ms
2026-06-02 09:17:49 SLOW GET /api/dashboard/nav-counts -> 200  110555.2ms
2026-06-02 09:17:49 SLOW GET /api/dashboard/nav-counts -> 200  127438.1ms
2026-06-02 09:17:49 SLOW GET /api/dashboard/nav-counts -> 200  44127.4ms
2026-06-02 09:17:53 SLOW GET /api/dashboard/nav-counts -> 200  114938.4ms
2026-06-02 09:17:53 GET /api/dashboard/nav-counts -> 500  750.3ms
2026-06-02 09:17:53 GET /api/business-heads -> 500  142.6ms
2026-06-02 09:17:54 GET /api/users/delivery-leads -> 500  877.0ms
2026-06-02 09:17:55 SLOW GET /api/dashboard/nav-counts -> 200  78500.7ms
2026-06-02 09:17:55 SLOW GET /api/dashboard/nav-counts -> 200  50030.9ms
2026-06-02 09:17:55 SLOW GET /api/dashboard/nav-counts -> 200  173518.4ms
2026-06-02 09:17:55 SLOW GET /api/dashboard/nav-counts -> 200  79094.9ms
2026-06-02 09:17:56 SLOW GET /api/dashboard/nav-counts -> 200  129624.9ms
2026-06-02 09:17:58 SLOW GET /api/dashboard/nav-counts -> 200  98881.0ms
2026-06-02 09:17:58 SLOW GET /api/coo/recruiter-leaderboard -> 200  108573.3ms
2026-06-02 09:17:59 SLOW GET /api/jobs/client-summary -> 200  51180.0ms
2026-06-02 09:18:00 SLOW GET /api/dashboard/nav-counts -> 200  144978.2ms
2026-06-02 09:18:00 SLOW GET /api/dashboard/nav-counts -> 200  83862.9ms
2026-06-02 09:18:01 SLOW GET /api/dashboard/nav-counts -> 200  160380.5ms
2026-06-02 09:18:01 SLOW GET /api/dashboard/nav-counts -> 200  79944.0ms
2026-06-02 09:18:03 GET /api/dashboard/nav-counts -> 500  444.1ms
2026-06-02 09:18:04 GET /api/dashboard/nav-counts -> 200  446.4ms
2026-06-02 09:18:04 GET /api/dashboard/nav-counts -> 500  231.5ms
2026-06-02 09:18:04 SLOW GET /api/dashboard/nav-counts -> 200  129069.0ms
2026-06-02 09:18:05 SLOW GET /api/dashboard/nav-counts -> 200  153871.0ms
2026-06-02 09:18:05 SLOW GET /api/dashboard/nav-counts -> 200  146776.3ms
2026-06-02 09:18:06 SLOW GET /api/dashboard/nav-counts -> 200  60726.3ms
2026-06-02 09:18:06 GET /api/dashboard/nav-counts -> 200  22.9ms
2026-06-02 09:18:07 SLOW GET /api/dashboard/nav-counts -> 200  80979.3ms
2026-06-02 09:18:15 SLOW GET /api/dashboard/nav-counts -> 200  141075.8ms
2026-06-02 09:18:15 SLOW GET /api/dashboard/nav-counts -> 200  164976.6ms
2026-06-02 09:18:15 SLOW GET /api/dashboard/nav-counts -> 200  70335.6ms
2026-06-02 09:18:16 GET /login -> 200  123.0ms
2026-06-02 09:18:16 GET /jobs -> 200  86.4ms
2026-06-02 09:18:16 GET /assets/index-B8GOpH0E.css -> 200  9.2ms
2026-06-02 09:18:16 SLOW GET /api/dashboard/nav-counts -> 200  36184.7ms
2026-06-02 09:18:17 GET /logo.jpg -> 200  9.8ms
2026-06-02 09:18:17 GET /api/notifications/stream -> 200  2.1ms
2026-06-02 09:18:17 GET /favicon.svg -> 200  8.2ms
2026-06-02 09:18:17 GET /api/health -> 200  2.4ms
2026-06-02 09:18:17 SLOW GET /api/hrbp/notifications -> 200  32142.9ms
2026-06-02 09:18:17 GET /logo.jpg -> 200  10.0ms
2026-06-02 09:18:17 GET /api/notifications/stream -> 200  5.2ms
2026-06-02 09:18:17 GET /favicon.svg -> 200  2.7ms
2026-06-02 09:18:17 GET /api/dashboard/nav-counts -> 500  655.3ms
2026-06-02 09:18:17 GET /api/jobs/client-summary -> 500  862.8ms
2026-06-02 09:18:18 GET /api/dashboard/notifications -> 200  800.6ms
2026-06-02 09:18:18 SLOW GET /api/dashboard/nav-counts -> 500  1230.2ms
2026-06-02 09:18:19 GET /api/dashboard/nav-counts -> 200  527.9ms
2026-06-02 09:18:20 SLOW GET /api/dashboard/nav-counts -> 500  93052.9ms
2026-06-02 09:18:20 GET /api/dashboard/nav-counts -> 500  358.0ms
2026-06-02 09:18:21 SLOW GET /api/dashboard/nav-counts -> 500  75782.7ms
2026-06-02 09:18:21 SLOW POST /api/auth/login -> 200  2767.4ms
2026-06-02 09:18:21 GET /api/notifications/stream -> 200  3.5ms
2026-06-02 09:18:21 GET /api/jobs/client-summary -> 500  85.1ms
2026-06-02 09:18:21 SLOW GET /api/coo/recruiter-leaderboard -> 500  76476.7ms
2026-06-02 09:18:21 GET /api/dashboard/nav-counts -> 500  645.3ms
2026-06-02 09:18:22 SLOW GET /api/dashboard/nav-counts -> 200  106040.0ms
2026-06-02 09:18:22 SLOW GET /api/dashboard/nav-counts -> 200  106072.2ms
2026-06-02 09:18:23 SLOW GET /api/dashboard/nav-counts -> 500  20359.8ms
2026-06-02 09:18:23 SLOW GET /api/dashboard/nav-counts -> 500  7583.1ms
2026-06-02 09:18:24 SLOW GET /api/dashboard/nav-counts -> 200  65026.8ms
2026-06-02 09:18:25 SLOW GET /api/dashboard/nav-counts -> 200  125572.6ms
2026-06-02 09:18:25 GET /api/dashboard/nav-counts -> 500  957.6ms
2026-06-02 09:18:25 SLOW GET /api/dashboard/nav-counts -> 500  9425.4ms
2026-06-02 09:18:26 SLOW GET /api/dashboard/nav-counts -> 200  109214.3ms
2026-06-02 09:18:27 SLOW GET /api/clients -> 200  33301.5ms
2026-06-02 09:18:28 SLOW GET /api/dashboard/nav-counts -> 200  183528.4ms
2026-06-02 09:18:30 GET /api/dashboard/nav-counts -> 500  761.4ms
2026-06-02 09:18:31 SLOW GET /api/dashboard/nav-counts -> 500  5089.3ms
2026-06-02 09:18:34 SLOW GET /api/dashboard/nav-counts -> 200  117621.4ms
2026-06-02 09:18:36 SLOW GET /api/dashboard/nav-counts -> 200  180356.4ms
2026-06-02 09:18:36 SLOW GET /api/dashboard/nav-counts -> 500  1382.9ms
2026-06-02 09:18:39 GET /api/dashboard/nav-counts -> 500  453.7ms
2026-06-02 09:18:39 GET /api/dashboard/nav-counts -> 500  617.6ms
2026-06-02 09:18:40 SLOW GET /api/dashboard/nav-counts -> 500  1598.7ms
2026-06-02 09:18:42 SLOW GET /api/dashboard/nav-counts -> 200  123343.7ms
2026-06-02 09:18:43 SLOW GET /api/jobs/client-summary -> 200  118172.6ms
2026-06-02 09:18:45 SLOW GET /api/dashboard/nav-counts -> 200  171160.0ms
2026-06-02 09:18:47 GET /api/health -> 200  6.4ms
2026-06-02 09:18:50 SLOW GET /api/dashboard/nav-counts -> 200  133733.3ms
2026-06-02 09:18:52 SLOW GET /api/dashboard/nav-counts -> 200  93258.3ms
2026-06-02 09:18:53 GET /api/dashboard/nav-counts -> 500  362.7ms
2026-06-02 09:18:54 SLOW GET /api/dashboard/nav-counts -> 500  1786.0ms
2026-06-02 09:18:55 SLOW GET /api/dashboard/nav-counts -> 200  156103.8ms
2026-06-02 09:18:55 SLOW GET /api/dashboard/nav-counts -> 500  1654.3ms
2026-06-02 09:18:55 GET /api/jobs -> 500  898.3ms
2026-06-02 09:18:57 SLOW GET /api/jobs/client-summary -> 500  1131.4ms
2026-06-02 09:18:57 GET /api/dashboard/nav-counts -> 500  968.4ms
2026-06-02 09:18:58 SLOW GET /api/candidates -> 200  130369.9ms
2026-06-02 09:18:58 GET /leaderboard -> 200  8.9ms
2026-06-02 09:18:58 GET /assets/index-BWAoNGZT.js -> 200  4.2ms
2026-06-02 09:18:59 GET /logo.jpg -> 200  4.5ms
2026-06-02 09:18:59 GET /favicon.svg -> 200  9.1ms
2026-06-02 09:18:59 GET /api/notifications/stream -> 200  9.6ms
2026-06-02 09:19:00 SLOW GET /api/dashboard/nav-counts -> 200  159661.3ms
2026-06-02 09:19:00 SLOW GET /api/dashboard/nav-counts -> 500  1262.7ms
2026-06-02 09:19:02 SLOW GET /api/coo/recruiter-leaderboard -> 500  2591.9ms
2026-06-02 09:19:02 SLOW GET /api/dashboard/notifications -> 500  2741.0ms
2026-06-02 09:19:02 SLOW GET /api/dashboard/nav-counts -> 200  146030.7ms
2026-06-02 09:19:04 GET /api/dashboard/nav-counts -> 500  567.4ms
2026-06-02 09:19:04 GET /api/dashboard/nav-counts -> 500  754.6ms
2026-06-02 09:19:04 GET /api/dashboard/nav-counts -> 500  724.7ms
2026-06-02 09:19:05 SLOW GET /api/dashboard/nav-counts -> 200  148331.2ms
2026-06-02 09:19:06 SLOW GET /api/submissions -> 200  262894.3ms
2026-06-02 09:19:07 SLOW GET /api/dashboard/nav-counts -> 200  141801.5ms
2026-06-02 09:19:07 SLOW GET /api/dashboard/notifications -> 200  45816.7ms
2026-06-02 09:19:10 GET /api/dashboard/nav-counts -> 500  421.5ms
2026-06-02 09:19:10 SLOW GET /api/dashboard/nav-counts -> 200  121709.8ms
2026-06-02 09:19:10 SLOW GET /api/dashboard/nav-counts -> 200  109848.8ms
2026-06-02 09:19:12 SLOW GET /api/dashboard/nav-counts -> 200  127072.8ms
2026-06-02 09:19:14 SLOW GET /api/dashboard/nav-counts -> 200  157967.5ms
2026-06-02 09:19:15 SLOW GET /api/jobs -> 200  120356.6ms
2026-06-02 09:19:16 SLOW GET /api/jobs -> 200  121144.5ms
2026-06-02 09:19:17 GET /api/health -> 200  3.4ms
2026-06-02 09:19:18 GET /api/dashboard/nav-counts -> 500  858.1ms
2026-06-02 09:19:18 GET /api/dashboard/nav-counts -> 500  139.1ms
2026-06-02 09:19:19 SLOW GET /api/dashboard/nav-counts -> 200  162974.8ms
2026-06-02 09:19:23 GET /api/dashboard/nav-counts -> 500  383.3ms
2026-06-02 09:19:24 SLOW GET /api/dashboard/nav-counts -> 200  203461.1ms
2026-06-02 09:19:25 SLOW GET /api/dashboard/nav-counts -> 200  205115.5ms
2026-06-02 09:19:26 SLOW GET /api/dashboard/notifications -> 200  160906.5ms
2026-06-02 09:19:27 SLOW GET /api/dashboard/nav-counts -> 500  141649.5ms
2026-06-02 09:19:27 GET /api/dashboard/nav-counts -> 500  302.0ms
2026-06-02 09:19:27 SLOW GET /api/dashboard/nav-counts -> 500  142176.0ms
2026-06-02 09:19:27 SLOW GET /api/dashboard/nav-counts -> 500  142338.5ms
2026-06-02 09:19:27 SLOW GET /api/dashboard/nav-counts -> 200  171126.4ms
2026-06-02 09:19:28 SLOW GET /api/dashboard/nav-counts -> 500  143044.0ms
2026-06-02 09:19:29 SLOW POST /api/notifications/mark-all-read -> 500  134992.5ms
2026-06-02 09:19:30 GET /api/dashboard/nav-counts -> 500  183.3ms
2026-06-02 09:19:30 SLOW GET /api/dashboard/nav-counts -> 500  99116.6ms
2026-06-02 09:19:31 SLOW GET /api/dashboard/nav-counts -> 200  142065.1ms
2026-06-02 09:19:32 SLOW GET /api/dashboard/nav-counts -> 500  98403.6ms
2026-06-02 09:19:32 SLOW GET /api/dashboard/nav-counts -> 500  97266.6ms
2026-06-02 09:19:33 SLOW GET /api/dashboard/nav-counts -> 500  97280.8ms
2026-06-02 09:19:35 SLOW PATCH /api/jobs/16 -> 500  79520.9ms
2026-06-02 09:19:36 SLOW GET /api/dashboard/nav-counts -> 500  69830.2ms
2026-06-02 09:19:37 SLOW GET /api/dashboard/nav-counts -> 200  173501.3ms
2026-06-02 09:19:37 SLOW GET /api/dashboard/nav-counts -> 500  28546.8ms
2026-06-02 09:19:37 SLOW GET /api/dashboard/nav-counts -> 500  20408.1ms
2026-06-02 09:19:38 SLOW GET /api/dashboard/nav-counts -> 200  132331.4ms
2026-06-02 09:19:39 SLOW GET /api/dashboard/nav-counts -> 500  19478.5ms
2026-06-02 09:19:40 GET /api/notifications/stream -> 200  37.6ms
2026-06-02 09:19:40 SLOW GET /api/dashboard/nav-counts -> 500  20494.0ms
2026-06-02 09:19:40 SLOW GET /api/validation/queue -> 200  107001.4ms
2026-06-02 09:19:40 GET /api/dashboard/nav-counts -> 500  348.0ms
2026-06-02 09:19:40 PATCH /api/jobs/16 -> 400  124.4ms
2026-06-02 09:19:41 SLOW GET /api/dashboard/nav-counts -> 500  17345.8ms
2026-06-02 09:19:42 SLOW GET /api/dashboard/nav-counts -> 500  16469.6ms
2026-06-02 09:19:43 SLOW GET /api/dashboard/nav-counts -> 500  16520.7ms
2026-06-02 09:19:43 SLOW GET /api/dashboard/nav-counts -> 200  114962.8ms
2026-06-02 09:19:44 SLOW GET /api/dashboard/nav-counts -> 500  17176.3ms
2026-06-02 09:19:44 GET /api/dashboard/nav-counts -> 500  722.4ms
2026-06-02 09:19:44 SLOW GET /api/dashboard/nav-counts -> 200  80961.6ms
2026-06-02 09:19:44 SLOW GET /api/dashboard/nav-counts -> 500  16173.9ms
2026-06-02 09:19:44 SLOW GET /api/dashboard/nav-counts -> 200  150901.3ms
2026-06-02 09:19:46 SLOW GET /api/dashboard/nav-counts -> 500  1433.7ms
2026-06-02 09:19:46 GET /api/notifications/stream -> 200  9.0ms
2026-06-02 09:19:47 GET /api/notifications/stream -> 200  1.3ms
2026-06-02 09:19:47 SLOW GET /api/dashboard/nav-counts -> 200  111899.0ms
2026-06-02 09:19:47 GET /api/health -> 200  7.4ms
2026-06-02 09:19:47 GET /api/notifications/stream -> 200  8.1ms
2026-06-02 09:19:47 GET /api/notifications/stream -> 200  15.6ms
2026-06-02 09:19:47 GET /api/notifications/stream -> 200  17.1ms
2026-06-02 09:19:48 SLOW GET /api/dashboard/nav-counts -> 200  91456.5ms
2026-06-02 09:19:49 SLOW GET /api/dashboard/nav-counts -> 200  192817.6ms
2026-06-02 09:19:50 GET /api/dashboard/nav-counts -> 500  381.8ms
2026-06-02 09:19:50 SLOW GET /api/dashboard/nav-counts -> 200  234640.3ms
2026-06-02 09:19:50 SLOW GET /api/coo/recruiter-leaderboard -> 200  57944.7ms
2026-06-02 09:19:50 GET /api/notifications/stream -> 200  14.6ms
2026-06-02 09:19:53 SLOW GET /api/dashboard/nav-counts -> 200  111855.5ms
2026-06-02 09:19:55 SLOW GET /api/dashboard/nav-counts -> 200  117530.3ms
2026-06-02 09:19:58 SLOW GET /api/dashboard/nav-counts -> 200  120625.8ms
2026-06-02 09:19:59 SLOW GET /api/dashboard/nav-counts -> 200  102702.1ms
2026-06-02 09:19:59 SLOW GET /api/dashboard/nav-counts -> 200  51688.6ms
2026-06-02 09:20:01 SLOW GET /api/dashboard/nav-counts -> 200  241041.4ms
2026-06-02 09:21:28 GET /api/health -> 200  31.1ms
2026-06-02 09:21:29 SLOW GET /api/dashboard/nav-counts -> 200  1588.7ms
2026-06-02 09:21:29 GET /api/notifications/stream -> 200  15.6ms
2026-06-02 09:21:29 GET /api/notifications/stream -> 200  41.4ms
2026-06-02 09:21:29 GET /api/notifications/stream -> 200  42.0ms
2026-06-02 09:21:30 SLOW PATCH /api/jobs/16 -> 200  3459.1ms
2026-06-02 09:21:30 SLOW GET /api/dashboard/nav-counts -> 200  3147.5ms
2026-06-02 09:21:30 GET /api/notifications/stream -> 200  9.8ms
2026-06-02 09:21:30 SLOW GET /api/dashboard/nav-counts -> 200  2872.1ms
2026-06-02 09:21:30 SLOW GET /api/dashboard/nav-counts -> 200  3779.5ms
2026-06-02 09:21:30 GET /api/notifications/stream -> 200  80.7ms
2026-06-02 09:21:30 GET /api/notifications/stream -> 200  3.8ms
2026-06-02 09:21:30 GET /api/notifications/stream -> 200  4.0ms
2026-06-02 09:21:30 GET /api/notifications/stream -> 200  7.5ms
2026-06-02 09:21:30 GET /api/jobs -> 200  219.2ms
2026-06-02 09:21:30 GET /api/notifications/stream -> 200  5.3ms
2026-06-02 09:21:30 GET /api/notifications/stream -> 200  45.7ms
2026-06-02 09:21:30 GET /api/notifications/stream -> 200  2.8ms
2026-06-02 09:21:30 GET /api/notifications/stream -> 200  2.1ms
2026-06-02 09:21:30 GET /api/notifications/stream -> 200  5.7ms
2026-06-02 09:21:30 GET /api/notifications/stream -> 200  3.2ms
2026-06-02 09:21:30 GET /api/notifications/stream -> 200  2.3ms
2026-06-02 09:21:30 GET /api/notifications/stream -> 200  3.0ms
2026-06-02 09:21:30 GET /api/notifications/stream -> 200  1.8ms
2026-06-02 09:21:30 GET /api/notifications/stream -> 200  3.5ms
2026-06-02 09:21:30 GET /api/notifications/stream -> 200  2.0ms
2026-06-02 09:21:30 GET /api/notifications/stream -> 200  2.6ms
2026-06-02 09:21:30 GET /api/notifications/stream -> 200  3.4ms
2026-06-02 09:21:30 GET /api/notifications/stream -> 200  28.7ms
2026-06-02 09:21:30 GET /api/notifications/stream -> 200  8.0ms
2026-06-02 09:21:30 GET /api/notifications/stream -> 200  12.0ms
2026-06-02 09:21:30 GET /api/notifications/stream -> 200  48.3ms
2026-06-02 09:21:30 GET /api/notifications/stream -> 200  3.1ms
2026-06-02 09:21:30 GET /api/notifications/stream -> 200  71.1ms
2026-06-02 09:21:30 GET /api/notifications/stream -> 200  3.4ms
2026-06-02 09:21:31 GET /api/notifications/stream -> 200  11.7ms
2026-06-02 09:21:31 GET /api/notifications/stream -> 200  8.2ms
2026-06-02 09:21:31 GET /api/notifications/stream -> 200  20.5ms
2026-06-02 09:21:31 GET /api/notifications/stream -> 200  4.5ms
2026-06-02 09:21:31 GET /api/notifications/stream -> 200  2.3ms
2026-06-02 09:21:31 GET /api/notifications/stream -> 200  17.4ms
2026-06-02 09:21:31 GET /api/notifications/stream -> 200  18.3ms
2026-06-02 09:21:31 GET /api/notifications/stream -> 200  112.6ms
2026-06-02 09:21:31 GET /api/notifications/stream -> 200  50.9ms
2026-06-02 09:21:31 GET /api/notifications/stream -> 200  41.3ms
2026-06-02 09:21:31 GET /api/notifications/stream -> 200  100.2ms
2026-06-02 09:21:31 GET /api/notifications/stream -> 200  98.9ms
2026-06-02 09:21:31 GET /api/notifications/stream -> 200  459.3ms
2026-06-02 09:21:31 GET /api/notifications/stream -> 200  4.7ms
2026-06-02 09:21:32 GET /api/health -> 200  189.4ms
2026-06-02 09:21:32 GET /api/notifications/stream -> 200  3.3ms
2026-06-02 09:21:32 GET /api/notifications/stream -> 200  6.5ms
2026-06-02 09:21:32 GET /api/notifications/stream -> 200  1.5ms
2026-06-02 09:21:33 GET /api/notifications/stream -> 200  5.3ms
2026-06-02 09:21:33 GET /api/notifications/stream -> 200  9.0ms
2026-06-02 09:21:33 GET /api/notifications/stream -> 200  3.1ms
2026-06-02 09:21:33 GET /api/notifications/stream -> 200  6.3ms
2026-06-02 09:21:33 GET /api/notifications/stream -> 200  4.4ms
2026-06-02 09:21:33 GET /api/notifications/stream -> 200  5.3ms
2026-06-02 09:21:33 GET /api/notifications/stream -> 200  7.6ms
2026-06-02 09:21:33 GET /api/notifications/stream -> 200  1.6ms
2026-06-02 09:21:34 GET /api/notifications/stream -> 200  4.3ms
2026-06-02 09:21:34 GET /api/notifications/stream -> 200  2.7ms
2026-06-02 09:21:34 SLOW GET /api/dashboard/nav-counts -> 200  2058.8ms
2026-06-02 09:21:34 GET /api/notifications/stream -> 200  8.4ms
2026-06-02 09:21:35 GET /api/notifications/stream -> 200  2.5ms
2026-06-02 09:21:37 GET /mail-tracker -> 200  6.6ms
2026-06-02 09:21:38 GET /api/dashboard/nav-counts -> 200  414.9ms
2026-06-02 09:21:38 GET /favicon.svg -> 200  2.0ms
2026-06-02 09:21:38 GET /logo.jpg -> 200  2.9ms
2026-06-02 09:21:38 GET /api/dashboard/nav-counts -> 200  28.1ms
2026-06-02 09:21:38 GET /api/notifications/stream -> 200  2.9ms
2026-06-02 09:21:38 GET /api/dashboard/notifications -> 200  21.1ms
2026-06-02 09:21:38 GET /api/dashboard/nav-counts -> 200  554.2ms
2026-06-02 09:21:38 GET /api/notifications/stream -> 200  2.8ms
2026-06-02 09:21:39 GET /api/dashboard/nav-counts -> 200  302.6ms
2026-06-02 09:21:39 SLOW GET /api/mails -> 200  1421.2ms
2026-06-02 09:21:39 GET /api/jobs/client-summary -> 200  27.0ms
2026-06-02 09:21:40 GET /api/jobs -> 200  334.2ms
2026-06-02 09:21:40 GET /api/dashboard/nav-counts -> 200  471.4ms
2026-06-02 09:21:40 GET /api/dashboard/nav-counts -> 200  554.1ms
2026-06-02 09:21:41 GET /api/dashboard/nav-counts -> 200  380.7ms
2026-06-02 09:21:42 GET /api/jobs -> 200  538.6ms
2026-06-02 09:21:42 GET /api/dashboard/nav-counts -> 200  494.3ms
2026-06-02 09:21:42 GET /api/jobs -> 200  559.0ms
2026-06-02 09:21:43 GET /api/dashboard/nav-counts -> 200  128.4ms
2026-06-02 09:21:43 SLOW GET /api/candidates -> 200  2062.9ms
2026-06-02 09:21:44 GET /api/dashboard/nav-counts -> 200  119.7ms
2026-06-02 09:21:44 GET /api/dashboard/nav-counts -> 200  220.8ms
2026-06-02 09:21:45 GET /api/dashboard/nav-counts -> 200  505.6ms
2026-06-02 09:21:45 GET /api/jobs/client-summary -> 200  269.7ms
2026-06-02 09:21:45 SLOW GET /api/mails -> 200  2186.9ms
2026-06-02 09:21:45 GET /api/jobs -> 200  452.1ms
2026-06-02 09:21:45 GET /api/dashboard/nav-counts -> 200  67.1ms
2026-06-02 09:21:46 GET /api/dashboard/nav-counts -> 200  453.9ms
2026-06-02 09:21:46 GET /api/dashboard/nav-counts -> 200  270.3ms
2026-06-02 09:21:47 GET /api/dashboard/nav-counts -> 200  252.6ms
2026-06-02 09:21:47 GET /api/dashboard/nav-counts -> 200  155.3ms
2026-06-02 09:21:48 GET /api/dashboard/nav-counts -> 200  102.7ms
2026-06-02 09:21:49 GET /api/dashboard/nav-counts -> 200  127.8ms
2026-06-02 09:21:49 GET /api/dashboard/nav-counts -> 200  15.6ms
2026-06-02 09:21:52 GET /api/dashboard/nav-counts -> 200  127.1ms
2026-06-02 09:21:52 GET /api/dashboard/nav-counts -> 200  100.6ms
2026-06-02 09:21:53 GET /api/dashboard/nav-counts -> 200  112.9ms
2026-06-02 09:21:54 GET /api/dashboard/nav-counts -> 200  162.1ms
2026-06-02 09:21:55 GET /api/notifications/stream -> 200  0.9ms
2026-06-02 09:21:56 GET /api/dashboard/nav-counts -> 200  144.9ms
2026-06-02 09:21:59 GET /api/dashboard/nav-counts -> 200  117.9ms
2026-06-02 09:21:59 GET /api/dashboard/nav-counts -> 200  101.9ms
2026-06-02 09:21:59 GET /api/notifications/stream -> 200  3.0ms
2026-06-02 09:21:59 GET /api/dashboard/nav-counts -> 200  85.2ms
2026-06-02 09:22:00 GET /api/dashboard/nav-counts -> 200  157.5ms
2026-06-02 09:22:01 GET /api/dashboard/nav-counts -> 200  132.3ms
2026-06-02 09:22:02 GET /api/health -> 200  3.8ms
2026-06-02 09:22:02 GET /api/dashboard/nav-counts -> 200  241.4ms
2026-06-02 09:22:04 GET /api/dashboard/nav-counts -> 200  17.6ms
2026-06-02 09:22:05 GET /api/dashboard/nav-counts -> 200  154.8ms
2026-06-02 09:22:06 GET /api/dashboard/nav-counts -> 200  287.8ms
2026-06-02 09:22:06 GET /api/dashboard/nav-counts -> 200  147.9ms
2026-06-02 09:22:06 GET /api/dashboard/nav-counts -> 200  16.5ms
2026-06-02 09:22:06 GET /api/dashboard/nav-counts -> 200  120.5ms
2026-06-02 09:22:07 GET /api/dashboard/nav-counts -> 200  117.1ms
2026-06-02 09:22:08 GET /api/dashboard/nav-counts -> 200  15.4ms
2026-06-02 09:22:08 GET /api/dashboard/nav-counts -> 200  14.0ms
2026-06-02 09:22:09 GET /api/dashboard/nav-counts -> 200  4.9ms
2026-06-02 09:22:10 GET /api/dashboard/nav-counts -> 200  152.1ms
2026-06-02 09:22:17 GET /api/dashboard/nav-counts -> 200  88.6ms
2026-06-02 09:22:18 GET /api/dashboard/nav-counts -> 200  131.6ms
2026-06-02 09:22:18 GET /api/dashboard/nav-counts -> 200  160.0ms
2026-06-02 09:22:19 GET /api/dashboard/nav-counts -> 200  308.4ms
2026-06-02 09:22:19 GET /api/dashboard/nav-counts -> 200  117.2ms
2026-06-02 09:22:19 GET /api/dashboard/nav-counts -> 200  173.5ms
2026-06-02 09:22:22 GET /api/dashboard/nav-counts -> 200  186.1ms
2026-06-02 09:22:22 GET /api/dashboard/nav-counts -> 200  172.4ms
2026-06-02 09:22:22 GET /api/dashboard/nav-counts -> 200  14.6ms
2026-06-02 09:22:23 GET /api/dashboard/nav-counts -> 200  14.4ms
2026-06-02 09:22:23 GET /api/dashboard/nav-counts -> 200  72.5ms
2026-06-02 09:22:25 GET /api/dashboard/nav-counts -> 200  180.0ms
2026-06-02 09:22:26 GET /api/dashboard/nav-counts -> 200  97.2ms
2026-06-02 09:22:26 GET /api/dashboard/nav-counts -> 200  97.1ms
2026-06-02 09:22:27 GET /api/dashboard/nav-counts -> 200  181.9ms
2026-06-02 09:22:27 GET /api/dashboard/nav-counts -> 200  180.2ms
2026-06-02 09:22:32 GET /api/health -> 200  6.8ms
2026-06-02 09:22:32 POST /api/auth/login -> 200  597.1ms
2026-06-02 09:22:32 GET /api/dashboard/nav-counts -> 200  272.5ms
2026-06-02 09:22:32 GET /api/notifications/stream -> 200  2.9ms
2026-06-02 09:22:32 GET /api/dashboard/nav-counts -> 200  9.7ms
2026-06-02 09:22:32 GET /api/dashboard/notifications -> 200  14.3ms
2026-06-02 09:22:33 GET /api/jobs/client-summary -> 200  83.5ms
2026-06-02 09:22:33 GET /api/jobs -> 200  165.6ms
2026-06-02 09:22:37 GET /api/dashboard/nav-counts -> 200  115.8ms
2026-06-02 09:22:38 GET /api/dashboard/nav-counts -> 200  104.3ms
2026-06-02 09:22:39 GET /api/dashboard/nav-counts -> 200  28.9ms
2026-06-02 09:22:41 GET /api/dashboard/nav-counts -> 200  153.7ms
2026-06-02 09:22:42 GET /api/dashboard/nav-counts -> 200  135.7ms
2026-06-02 09:22:43 GET /api/dashboard/nav-counts -> 200  88.9ms
2026-06-02 09:22:43 GET /api/dashboard/nav-counts -> 200  113.7ms
2026-06-02 09:22:44 GET /api/dashboard/nav-counts -> 200  71.7ms
2026-06-02 09:22:45 GET /api/dashboard/nav-counts -> 200  501.2ms
2026-06-02 09:22:46 GET /api/dashboard/nav-counts -> 200  256.5ms
2026-06-02 09:22:46 GET /api/dashboard/nav-counts -> 200  307.6ms
2026-06-02 09:22:47 SLOW GET /api/dashboard/nav-counts -> 200  1795.7ms
2026-06-02 09:22:50 GET /jobs -> 200  9.0ms
2026-06-02 09:22:50 GET /assets/index-B8GOpH0E.css -> 200  2.7ms
2026-06-02 09:22:50 GET /assets/index-BWAoNGZT.js -> 200  4.0ms
2026-06-02 09:22:51 GET /api/dashboard/nav-counts -> 200  286.3ms
2026-06-02 09:22:52 GET /api/notifications/stream -> 200  1.7ms
2026-06-02 09:22:53 SLOW GET /api/dashboard/nav-counts -> 200  5978.3ms
2026-06-02 09:22:53 SLOW GET /api/dashboard/nav-counts -> 200  7441.9ms
2026-06-02 09:22:56 SLOW GET /api/dashboard/nav-counts -> 200  8092.1ms
2026-06-02 09:22:56 SLOW GET /api/dashboard/nav-counts -> 200  7783.6ms
2026-06-02 09:23:02 SLOW GET /api/dashboard/nav-counts -> 200  12751.7ms
2026-06-02 09:23:02 GET /api/health -> 200  2.0ms
2026-06-02 09:23:04 SLOW GET /api/dashboard/nav-counts -> 200  11493.5ms
2026-06-02 09:23:04 GET /api/dashboard/nav-counts -> 200  114.9ms
2026-06-02 09:23:06 SLOW GET /api/dashboard/nav-counts -> 200  14620.6ms
2026-06-02 09:23:07 GET /api/dashboard/nav-counts -> 200  611.8ms
2026-06-02 09:23:08 SLOW GET /api/dashboard/nav-counts -> 200  11345.1ms
2026-06-02 09:23:08 GET /api/dashboard/nav-counts -> 200  189.5ms
2026-06-02 09:23:08 GET /api/dashboard/nav-counts -> 200  186.1ms
2026-06-02 09:23:09 GET /api/dashboard/nav-counts -> 200  73.9ms
2026-06-02 09:23:10 GET /api/jobs/client-summary -> 200  238.9ms
2026-06-02 09:23:10 GET /login -> 200  8.5ms
2026-06-02 09:23:10 GET /assets/index-B8GOpH0E.css -> 200  2.6ms
2026-06-02 09:23:11 GET /logo.jpg -> 200  5.7ms
2026-06-02 09:23:11 GET /api/notifications/stream -> 200  1.8ms
2026-06-02 09:23:11 GET /api/dashboard/notifications -> 200  109.4ms
2026-06-02 09:23:11 GET /favicon.svg -> 200  3.2ms
2026-06-02 09:23:11 GET /api/notifications/stream -> 200  2.8ms
2026-06-02 09:23:13 POST /api/auth/login -> 200  708.2ms
2026-06-02 09:23:13 GET /api/notifications/stream -> 200  4.4ms
2026-06-02 09:23:13 GET /logo.jpg -> 200  6.4ms
2026-06-02 09:23:13 GET /api/dashboard/notifications -> 200  151.7ms
2026-06-02 09:23:13 GET /api/jobs/client-summary -> 200  322.9ms
2026-06-02 09:23:17 SLOW GET /api/dashboard/nav-counts -> 200  12177.4ms
2026-06-02 09:23:17 GET /api/users/delivery-leads -> 200  331.6ms
2026-06-02 09:23:18 GET /api/clients -> 200  811.2ms
2026-06-02 09:23:18 GET /api/dashboard/nav-counts -> 200  158.1ms
2026-06-02 09:23:19 GET /api/notifications/stream -> 200  3.9ms
2026-06-02 09:23:20 SLOW GET /api/dashboard/nav-counts -> 200  18025.1ms
2026-06-02 09:23:22 GET /api/dashboard/nav-counts -> 200  229.6ms
2026-06-02 09:23:22 SLOW GET /api/dashboard/nav-counts -> 200  23424.0ms
2026-06-02 09:23:24 GET /api/dashboard/nav-counts -> 200  229.1ms
2026-06-02 09:23:33 GET /api/health -> 200  3.6ms
2026-06-02 09:23:38 SLOW GET /api/dashboard/nav-counts -> 200  44558.9ms
2026-06-02 09:23:41 SLOW GET /api/dashboard/nav-counts -> 200  40011.1ms
2026-06-02 09:23:43 SLOW GET /api/dashboard/nav-counts -> 200  36481.0ms
2026-06-02 09:23:44 SLOW GET /api/dashboard/nav-counts -> 200  53569.7ms
2026-06-02 09:23:46 GET /api/dashboard/nav-counts -> 200  290.1ms
2026-06-02 09:23:52 GET /api/dashboard/nav-counts -> 200  852.5ms
2026-06-02 09:23:57 SLOW GET /api/jobs -> 200  49872.6ms
2026-06-02 09:23:57 SLOW GET /api/dashboard/nav-counts -> 200  24707.1ms
2026-06-02 09:23:58 SLOW GET /api/dashboard/nav-counts -> 200  57833.9ms
2026-06-02 09:24:00 GET /api/notifications/stream -> 200  5.3ms
2026-06-02 09:24:03 SLOW GET /api/dashboard/nav-counts -> 200  22681.5ms
2026-06-02 09:24:05 SLOW GET /api/dashboard/nav-counts -> 200  47148.9ms
2026-06-02 09:24:05 SLOW GET /api/dashboard/nav-counts -> 200  21174.2ms
2026-06-02 09:24:06 SLOW GET /api/dashboard/nav-counts -> 200  50450.8ms
2026-06-02 09:24:07 SLOW GET /api/dashboard/nav-counts -> 200  60762.6ms
2026-06-02 09:24:07 SLOW GET /api/dashboard/nav-counts -> 200  56521.7ms
2026-06-02 09:24:08 SLOW GET /api/dashboard/nav-counts -> 200  66066.4ms
2026-06-02 09:25:33 GET /api/notifications/stream -> 200  139.2ms
2026-06-02 09:25:34 GET /api/notifications/stream -> 200  102.7ms
2026-06-02 09:25:35 GET /api/notifications/stream -> 200  82.9ms
2026-06-02 09:25:35 GET /api/health -> 200  15.2ms
2026-06-02 09:25:35 GET /api/notifications/stream -> 200  1.5ms
2026-06-02 09:25:35 GET /api/notifications/stream -> 200  23.0ms
2026-06-02 09:25:35 GET /api/notifications/stream -> 200  79.8ms
2026-06-02 09:25:36 SLOW GET /api/jobs -> 200  1669.2ms
2026-06-02 09:25:37 SLOW GET /api/mails -> 200  1124.2ms
2026-06-02 09:25:37 GET /api/dashboard/nav-counts -> 200  172.7ms
2026-06-02 09:25:38 GET /api/notifications/stream -> 200  2.5ms
2026-06-02 09:25:38 GET /api/notifications/stream -> 200  14.7ms
2026-06-02 09:25:38 GET /api/notifications/stream -> 200  47.6ms
2026-06-02 09:25:38 GET /api/notifications/stream -> 200  30.9ms
2026-06-02 09:25:38 GET /api/dashboard/nav-counts -> 200  175.5ms
2026-06-02 09:25:38 GET /api/notifications/stream -> 200  3.6ms
2026-06-02 09:25:38 GET /api/notifications/stream -> 200  3.3ms
2026-06-02 09:25:38 GET /api/notifications/stream -> 200  13.3ms
2026-06-02 09:25:38 GET /api/notifications/stream -> 200  2.4ms
2026-06-02 09:25:39 GET /api/notifications/stream -> 200  3.0ms
2026-06-02 09:25:39 GET /api/notifications/stream -> 200  2.6ms
2026-06-02 09:25:39 GET /api/notifications/stream -> 200  2.6ms
2026-06-02 09:25:39 GET /api/notifications/stream -> 200  4.8ms
2026-06-02 09:25:39 GET /api/notifications/stream -> 200  1.3ms
2026-06-02 09:25:39 GET /api/notifications/stream -> 200  5.9ms
2026-06-02 09:25:39 GET /api/notifications/stream -> 200  3.1ms
2026-06-02 09:25:39 GET /api/notifications/stream -> 200  1.8ms
2026-06-02 09:25:39 GET /api/notifications/stream -> 200  1.2ms
2026-06-02 09:25:39 GET /api/notifications/stream -> 200  1.5ms
2026-06-02 09:25:39 GET /api/notifications/stream -> 200  38.0ms
2026-06-02 09:25:39 GET /api/notifications/stream -> 200  1.5ms
2026-06-02 09:25:39 GET /api/notifications/stream -> 200  14.4ms
2026-06-02 09:25:39 GET /api/notifications/stream -> 200  5.3ms
2026-06-02 09:25:39 GET /api/notifications/stream -> 200  1.3ms
2026-06-02 09:25:39 GET /api/notifications/stream -> 200  14.2ms
2026-06-02 09:25:39 GET /api/notifications/stream -> 200  1.4ms
2026-06-02 09:25:39 GET /api/notifications/stream -> 200  7.3ms
2026-06-02 09:25:39 GET /api/notifications/stream -> 200  1.4ms
2026-06-02 09:25:39 GET /api/notifications/stream -> 200  1.6ms
2026-06-02 09:25:39 GET /api/notifications/stream -> 200  2.2ms
2026-06-02 09:25:39 GET /api/notifications/stream -> 200  4.7ms
2026-06-02 09:25:39 GET /api/notifications/stream -> 200  1.4ms
2026-06-02 09:25:39 GET /api/notifications/stream -> 200  1.7ms
2026-06-02 09:25:39 GET /api/notifications/stream -> 200  3.8ms
2026-06-02 09:25:39 GET /api/notifications/stream -> 200  3.0ms
2026-06-02 09:25:39 GET /api/notifications/stream -> 200  2.0ms
2026-06-02 09:25:39 GET /api/notifications/stream -> 200  2.5ms
2026-06-02 09:25:39 GET /api/notifications/stream -> 200  4.6ms
2026-06-02 09:25:39 GET /api/notifications/stream -> 200  5.9ms
2026-06-02 09:25:39 GET /api/notifications/stream -> 200  5.5ms
2026-06-02 09:25:39 GET /api/notifications/stream -> 200  10.7ms
2026-06-02 09:25:39 GET /api/notifications/stream -> 200  1.8ms
2026-06-02 09:25:39 GET /api/notifications/stream -> 200  19.4ms
2026-06-02 09:25:39 GET /api/notifications/stream -> 200  20.0ms
2026-06-02 09:25:39 GET /api/notifications/stream -> 200  3.7ms
2026-06-02 09:25:39 GET /api/notifications/stream -> 200  2.2ms
2026-06-02 09:25:40 GET /api/notifications/stream -> 200  1.9ms
2026-06-02 09:25:40 GET /api/health -> 200  62.4ms
2026-06-02 09:25:41 GET /api/notifications/stream -> 200  13.0ms
2026-06-02 09:25:42 GET /api/notifications/stream -> 200  6.4ms
2026-06-02 09:25:42 GET /api/notifications/stream -> 200  6.7ms
2026-06-02 09:25:42 GET /api/notifications/stream -> 200  14.6ms
2026-06-02 09:25:42 GET /api/notifications/stream -> 200  2.5ms
2026-06-02 09:25:42 GET /api/notifications/stream -> 200  3.9ms
2026-06-02 09:25:42 GET /api/notifications/stream -> 200  11.9ms
2026-06-02 09:25:42 GET /api/notifications/stream -> 200  7.2ms
2026-06-02 09:25:42 GET /api/dashboard/nav-counts -> 200  316.0ms
2026-06-02 09:25:42 GET /api/notifications/stream -> 200  4.0ms
2026-06-02 09:25:42 GET /api/notifications/stream -> 200  18.7ms
2026-06-02 09:25:43 GET /api/notifications/stream -> 200  2.0ms
2026-06-02 09:25:43 GET /api/dashboard/nav-counts -> 200  539.3ms
2026-06-02 09:25:43 GET /api/dashboard/nav-counts -> 200  477.8ms
2026-06-02 09:25:43 GET /api/notifications/stream -> 200  819.5ms
2026-06-02 09:25:43 SLOW GET /api/followup/jobs -> 200  4743.3ms
2026-06-02 09:25:43 GET /api/dashboard/nav-counts -> 200  65.4ms
2026-06-02 09:25:44 GET /api/dashboard/nav-counts -> 200  169.2ms
2026-06-02 09:25:45 GET /api/dashboard/nav-counts -> 200  465.2ms
2026-06-02 09:25:45 GET /api/dashboard/nav-counts -> 200  110.2ms
2026-06-02 09:25:45 GET /api/dashboard/nav-counts -> 200  66.1ms
2026-06-02 09:25:46 GET /api/dashboard/nav-counts -> 200  119.2ms
2026-06-02 09:25:46 GET /api/dashboard/nav-counts -> 200  97.6ms
2026-06-02 09:25:46 GET /login -> 200  1.9ms
2026-06-02 09:25:46 GET /api/dashboard/nav-counts -> 200  85.6ms
2026-06-02 09:25:46 GET /logo.jpg -> 200  1.5ms
2026-06-02 09:25:47 GET /favicon.svg -> 200  1.3ms
2026-06-02 09:25:48 POST /api/probing -> 200  25.1ms
2026-06-02 09:25:48 GET /api/dashboard/nav-counts -> 200  79.7ms
2026-06-02 09:25:48 GET /api/dashboard/nav-counts -> 200  102.5ms
2026-06-02 09:25:49 GET /api/dashboard/nav-counts -> 200  385.2ms
2026-06-02 09:25:49 GET /api/dashboard/nav-counts -> 200  93.3ms
2026-06-02 09:25:49 POST /api/auth/login -> 200  345.4ms
2026-06-02 09:25:49 GET /api/notifications/stream -> 200  4.9ms
2026-06-02 09:25:49 GET /api/dashboard/nav-counts -> 200  29.5ms
2026-06-02 09:25:49 GET /api/jobs/client-summary -> 200  53.2ms
2026-06-02 09:25:50 GET /api/jobs -> 200  104.4ms
2026-06-02 09:25:50 GET /api/dashboard/notifications -> 200  124.2ms
2026-06-02 09:25:50 GET /api/dashboard/nav-counts -> 200  90.0ms
2026-06-02 09:25:50 SLOW POST /api/jobs -> 400  2266.4ms
2026-06-02 09:25:51 GET /api/mails -> 200  966.1ms
2026-06-02 09:25:51 SLOW POST /api/jd-extract -> 200  12585.1ms
2026-06-02 09:25:52 SLOW POST /api/candidates -> 200  1836.1ms
2026-06-02 09:25:52 GET /api/dashboard/nav-counts -> 200  118.9ms
2026-06-02 09:25:52 GET /api/candidates -> 200  324.2ms
2026-06-02 09:25:53 GET /api/dashboard/nav-counts -> 200  70.9ms
2026-06-02 09:25:53 GET /api/dashboard/nav-counts -> 200  126.8ms
2026-06-02 09:25:54 GET /api/dashboard/nav-counts -> 200  136.8ms
2026-06-02 09:25:54 GET /api/dashboard/nav-counts -> 200  178.6ms
2026-06-02 09:25:54 GET /api/jobs -> 200  256.0ms
2026-06-02 09:25:54 GET /api/candidates -> 200  275.6ms
2026-06-02 09:25:54 SLOW POST /api/resume-extract -> 200  5407.6ms
2026-06-02 09:25:54 POST /api/auth/login -> 200  402.1ms
2026-06-02 09:25:54 GET /api/notifications/stream -> 200  6.3ms
2026-06-02 09:25:54 GET /api/dashboard/notifications -> 200  19.9ms
2026-06-02 09:25:54 GET /api/jobs/client-summary -> 200  51.0ms
2026-06-02 09:25:54 GET /api/jobs -> 200  155.7ms
2026-06-02 09:25:54 GET /api/dashboard/nav-counts -> 200  159.8ms
2026-06-02 09:25:55 GET /api/notifications/stream -> 200  2.3ms
2026-06-02 09:25:55 GET /api/candidates/1094 -> 200  347.2ms
2026-06-02 09:25:56 GET /api/dashboard/nav-counts -> 200  90.5ms
2026-06-02 09:25:56 GET /api/dashboard/nav-counts -> 200  66.7ms
2026-06-02 09:25:57 GET /api/dashboard/nav-counts -> 200  71.3ms
2026-06-02 09:25:59 GET /api/dashboard/nav-counts -> 200  78.5ms
2026-06-02 09:25:59 GET /api/dashboard/nav-counts -> 200  98.5ms
2026-06-02 09:26:00 GET /api/dashboard/nav-counts -> 200  130.5ms
2026-06-02 09:26:01 GET /api/candidates/1089 -> 200  19.6ms
2026-06-02 09:26:02 GET /api/dashboard/nav-counts -> 200  80.8ms
2026-06-02 09:26:04 GET /api/dashboard/nav-counts -> 200  15.3ms
2026-06-02 09:26:04 GET /api/dashboard/nav-counts -> 200  78.8ms
2026-06-02 09:26:05 GET /api/dashboard/nav-counts -> 200  72.7ms
2026-06-02 09:26:06 GET /api/dashboard/nav-counts -> 200  94.1ms
2026-06-02 09:26:06 GET /api/dashboard/nav-counts -> 200  28.9ms
2026-06-02 09:26:06 GET /api/dashboard/nav-counts -> 200  74.3ms
2026-06-02 09:26:07 GET /api/dashboard/nav-counts -> 200  95.4ms
2026-06-02 09:26:07 GET /login -> 200  1.9ms
2026-06-02 09:26:08 GET /logo.jpg -> 200  1.3ms
2026-06-02 09:26:08 GET /favicon.svg -> 200  1.2ms
2026-06-02 09:26:08 GET /api/dashboard/nav-counts -> 200  13.9ms
2026-06-02 09:26:08 GET /api/dashboard/nav-counts -> 200  13.0ms
2026-06-02 09:26:09 GET /api/dashboard/nav-counts -> 200  4.6ms
2026-06-02 09:26:10 GET /api/dashboard/nav-counts -> 200  76.6ms
2026-06-02 09:26:10 GET /api/dashboard/nav-counts -> 200  353.5ms
2026-06-02 09:26:10 GET /api/health -> 200  4.1ms
2026-06-02 09:26:11 POST /api/auth/login -> 200  368.6ms
2026-06-02 09:26:11 GET /api/notifications/stream -> 200  1.2ms
2026-06-02 09:26:11 GET /api/dashboard/notifications -> 200  20.1ms
2026-06-02 09:26:11 GET /api/jobs/client-summary -> 200  47.1ms
2026-06-02 09:26:11 GET /api/dashboard/nav-counts -> 200  97.2ms
2026-06-02 09:26:11 GET /api/jobs -> 200  377.0ms
2026-06-02 09:26:12 POST /api/consultant-profile/1094 -> 200  62.5ms
2026-06-02 09:26:12 POST /api/calls/assessment -> 200  105.2ms
2026-06-02 09:26:12 GET /api/form-config/email_fields -> 200  28.9ms
2026-06-02 09:26:12 GET /api/jobs/49 -> 200  103.8ms
2026-06-02 09:26:12 GET /api/clients -> 200  173.7ms
2026-06-02 09:26:13 POST /api/mails -> 200  141.0ms
2026-06-02 09:26:13 GET /api/jobs -> 200  133.8ms
2026-06-02 09:26:13 GET /api/jobs -> 200  36.9ms
2026-06-02 09:26:14 GET /api/dashboard/nav-counts -> 200  86.3ms
2026-06-02 09:26:14 GET /api/jobs -> 200  15.3ms
2026-06-02 09:26:15 GET /api/jobs -> 200  36.7ms
2026-06-02 09:26:16 GET /api/jobs -> 200  189.3ms
2026-06-02 09:26:16 GET /api/candidates -> 200  328.6ms
2026-06-02 09:26:17 GET /api/dashboard/nav-counts -> 200  78.7ms
2026-06-02 09:26:18 GET /api/dashboard/nav-counts -> 200  51.1ms
2026-06-02 09:26:18 GET /api/dashboard/nav-counts -> 200  99.8ms
2026-06-02 09:26:19 GET /api/dashboard/nav-counts -> 200  80.8ms
2026-06-02 09:26:22 GET /api/dashboard/nav-counts -> 200  232.9ms
2026-06-02 09:26:23 GET /api/dashboard/nav-counts -> 200  189.6ms
2026-06-02 09:26:23 GET /mail-tracker -> 200  2.6ms
2026-06-02 09:26:23 GET /assets/index-BWAoNGZT.js -> 200  1.7ms
2026-06-02 09:26:23 GET /assets/index-B8GOpH0E.css -> 200  4.2ms
2026-06-02 09:26:24 GET /logo.jpg -> 200  1.7ms
2026-06-02 09:26:24 GET /api/notifications/stream -> 200  1.1ms
2026-06-02 09:26:24 GET /api/dashboard/notifications -> 200  75.3ms
2026-06-02 09:26:24 GET /favicon.svg -> 200  1.7ms
2026-06-02 09:26:25 SLOW GET /api/dashboard/nav-counts -> 200  3902.6ms
2026-06-02 09:26:33 GET /api/dashboard/nav-counts -> 200  207.2ms
2026-06-02 09:26:33 SLOW GET /api/dashboard/nav-counts -> 200  10356.1ms
2026-06-02 09:26:36 SLOW POST /api/upload -> 200  2282.4ms
2026-06-02 09:26:37 SLOW GET /api/dashboard/nav-counts -> 200  14533.0ms
2026-06-02 09:26:40 GET /mail-tracker -> 200  2.4ms
2026-06-02 09:26:40 GET /assets/index-B8GOpH0E.css -> 200  1.6ms
2026-06-02 09:26:40 GET /assets/index-BWAoNGZT.js -> 200  3.9ms
2026-06-02 09:26:40 GET /logo.jpg -> 200  2.4ms
2026-06-02 09:26:40 GET /favicon.svg -> 200  4.3ms
2026-06-02 09:26:40 GET /api/notifications/stream -> 200  6.9ms
2026-06-02 09:26:40 GET /api/health -> 200  2.4ms
2026-06-02 09:26:44 GET /api/dashboard/nav-counts -> 200  126.9ms
2026-06-02 09:26:44 SLOW GET /api/dashboard/nav-counts -> 200  7167.0ms
2026-06-02 09:26:46 SLOW GET /api/dashboard/nav-counts -> 200  19817.2ms
2026-06-02 09:26:47 GET /mail-tracker -> 200  1.9ms
2026-06-02 09:26:48 GET /logo.jpg -> 200  1.6ms
2026-06-02 09:26:48 GET /favicon.svg -> 200  1.4ms
2026-06-02 09:26:48 GET /api/notifications/stream -> 200  1.5ms
2026-06-02 09:26:54 SLOW GET /api/dashboard/nav-counts -> 200  13995.4ms
2026-06-02 09:26:55 POST /api/calls/assessment -> 200  583.8ms
2026-06-02 09:27:00 SLOW GET /api/mails -> 200  39827.5ms
2026-06-02 09:27:00 SLOW GET /api/dashboard/nav-counts -> 200  30247.4ms
2026-06-02 09:27:03 POST /api/consultant-profile/1089 -> 200  325.8ms
2026-06-02 09:27:03 POST /api/calls/assessment -> 200  457.0ms
2026-06-02 09:27:04 GET /api/jobs/343 -> 200  542.3ms
2026-06-02 09:27:04 GET /api/dashboard/nav-counts -> 200  287.3ms
2026-06-02 09:27:04 GET /api/clients -> 200  773.2ms
2026-06-02 09:27:06 GET /jobs -> 200  6.6ms
2026-06-02 09:27:06 GET /favicon.svg -> 200  3.5ms
2026-06-02 09:27:06 GET /logo.jpg -> 200  3.3ms
2026-06-02 09:27:06 GET /api/notifications/stream -> 200  6.7ms
2026-06-02 09:27:07 GET /api/dashboard/nav-counts -> 200  244.3ms
2026-06-02 09:27:07 GET /api/jobs/client-summary -> 200  549.7ms
2026-06-02 09:27:08 GET /api/dashboard/nav-counts -> 200  248.2ms
2026-06-02 09:27:09 GET /api/dashboard/nav-counts -> 200  87.3ms
2026-06-02 09:27:11 SLOW GET /api/dashboard/nav-counts -> 200  43589.5ms
2026-06-02 09:27:11 GET /api/health -> 200  4.8ms
2026-06-02 09:27:11 SLOW GET /api/dashboard/notifications -> 200  30425.6ms
2026-06-02 09:27:12 SLOW GET /api/dashboard/nav-counts -> 200  50051.2ms
2026-06-02 09:27:13 SLOW GET /api/dashboard/nav-counts -> 200  28198.6ms
2026-06-02 09:27:17 SLOW GET /api/dashboard/nav-counts -> 200  52760.5ms
2026-06-02 09:27:18 SLOW GET /api/dashboard/nav-counts -> 200  53611.5ms
2026-06-02 09:27:19 SLOW GET /api/dashboard/nav-counts -> 200  53537.4ms
2026-06-02 09:27:21 SLOW GET /api/dashboard/nav-counts -> 200  54689.0ms
2026-06-02 09:27:22 SLOW GET /api/dashboard/nav-counts -> 200  35740.2ms
2026-06-02 09:27:23 SLOW GET /api/dashboard/nav-counts -> 200  55942.4ms
2026-06-02 09:27:24 SLOW GET /api/jobs/client-summary -> 200  25735.1ms
2026-06-02 09:27:27 SLOW GET /api/dashboard/nav-counts -> 200  43215.2ms
2026-06-02 09:27:28 SLOW GET /api/dashboard/nav-counts -> 200  43398.3ms
2026-06-02 09:27:30 SLOW GET /api/dashboard/nav-counts -> 200  47545.7ms
2026-06-02 09:27:33 GET /api/dashboard/nav-counts -> 200  511.1ms
2026-06-02 09:27:36 SLOW GET /api/dashboard/nav-counts -> 200  51340.8ms
2026-06-02 09:27:36 GET /mail-tracker -> 200  79.4ms
2026-06-02 09:27:36 GET /favicon.svg -> 200  1.8ms
2026-06-02 09:27:36 GET /logo.jpg -> 200  1.7ms
2026-06-02 09:27:36 GET /api/notifications/stream -> 200  33.5ms
2026-06-02 09:27:36 SLOW GET /api/jobs/client-summary -> 200  37462.5ms
2026-06-02 09:27:37 SLOW GET /api/dashboard/nav-counts -> 200  51038.1ms
2026-06-02 09:27:39 SLOW GET /api/dashboard/nav-counts -> 200  45712.6ms
2026-06-02 09:27:41 GET /api/health -> 200  117.0ms
2026-06-02 09:27:42 GET /api/dashboard/nav-counts -> 200  475.2ms
2026-06-02 09:27:46 GET /api/dashboard/nav-counts -> 200  908.3ms
2026-06-02 09:27:48 SLOW GET /api/dashboard/nav-counts -> 200  48889.4ms
2026-06-02 09:27:49 SLOW GET /api/dashboard/nav-counts -> 200  71966.9ms
2026-06-02 09:27:55 SLOW GET /api/dashboard/nav-counts -> 200  66817.4ms
2026-06-02 09:27:55 SLOW GET /api/dashboard/notifications -> 200  49246.5ms
2026-06-02 09:28:02 SLOW GET /api/dashboard/nav-counts -> 200  51990.2ms
2026-06-02 09:28:04 SLOW GET /api/dashboard/nav-counts -> 200  57974.1ms
2026-06-02 09:28:04 SLOW GET /api/dashboard/nav-counts -> 200  70825.6ms
2026-06-02 09:28:04 SLOW GET /api/dashboard/nav-counts -> 200  57679.9ms
2026-06-02 09:28:10 SLOW GET /api/dashboard/nav-counts -> 200  84387.3ms
2026-06-02 09:28:10 SLOW GET /api/dashboard/notifications -> 200  82462.3ms
2026-06-02 09:28:11 GET /api/health -> 200  21.5ms
2026-06-02 09:28:12 SLOW GET /api/dashboard/nav-counts -> 200  53997.4ms
2026-06-02 09:28:13 SLOW GET /api/dashboard/nav-counts -> 200  29237.3ms
2026-06-02 09:28:14 SLOW GET /api/dashboard/nav-counts -> 200  74208.3ms
2026-06-02 09:28:16 SLOW POST /api/mails -> 200  13239.4ms
2026-06-02 09:28:16 SLOW GET /api/dashboard/nav-counts -> 200  98113.4ms
2026-06-02 09:28:16 SLOW GET /api/dashboard/nav-counts -> 200  79550.4ms
2026-06-02 09:28:16 SLOW GET /api/dashboard/nav-counts -> 200  48870.3ms
2026-06-02 09:28:17 SLOW GET /api/dashboard/nav-counts -> 200  58039.1ms
2026-06-02 09:28:17 GET /api/notifications/stream -> 200  56.1ms
2026-06-02 09:28:17 SLOW POST /api/auth/login -> 200  2749.7ms
2026-06-02 09:28:17 GET /api/notifications/stream -> 200  1.4ms
2026-06-02 09:28:18 SLOW GET /api/dashboard/nav-counts -> 200  60806.9ms
2026-06-02 09:28:19 SLOW GET /api/dashboard/nav-counts -> 200  76420.3ms
2026-06-02 09:28:19 SLOW GET /api/dashboard/nav-counts -> 200  84310.2ms
2026-06-02 09:28:19 GET /api/dashboard/nav-counts -> 200  879.3ms
2026-06-02 09:28:19 SLOW GET /api/jobs -> 200  2699.2ms
2026-06-02 09:28:19 SLOW GET /api/jobs/client-summary -> 200  48711.7ms
2026-06-02 09:28:22 SLOW GET /api/dashboard/nav-counts -> 200  93096.5ms
2026-06-02 09:28:23 SLOW GET /api/dashboard/nav-counts -> 200  76791.4ms
2026-06-02 09:28:24 SLOW GET /api/dashboard/nav-counts -> 200  79213.0ms
2026-06-02 09:28:24 SLOW GET /api/dashboard/nav-counts -> 200  77865.0ms
2026-06-02 09:28:24 SLOW GET /api/hrbp/notifications -> 200  38385.8ms
2026-06-02 09:28:25 SLOW GET /api/jobs -> 200  87583.9ms
2026-06-02 09:28:27 GET /api/notifications/stream -> 200  5.1ms
2026-06-02 09:28:28 SLOW GET /api/candidates -> 200  55219.9ms
2026-06-02 09:28:35 SLOW GET /api/jobs -> 200  89067.1ms
2026-06-02 09:28:39 SLOW GET /api/dashboard/nav-counts -> 200  110296.7ms
2026-06-02 09:28:40 SLOW GET /api/jobs -> 200  61944.8ms
2026-06-02 09:28:41 GET /api/health -> 200  13.6ms
2026-06-02 09:28:42 GET /api/dashboard/nav-counts -> 200  307.3ms
2026-06-02 09:28:42 SLOW GET /api/dashboard/nav-counts -> 200  105657.7ms
2026-06-02 09:28:42 SLOW GET /api/dashboard/nav-counts -> 200  92738.7ms
2026-06-02 09:28:44 GET /api/dashboard/nav-counts -> 200  585.5ms
2026-06-02 09:28:51 SLOW GET /api/dashboard/nav-counts -> 200  111397.9ms
2026-06-02 09:28:51 SLOW GET /api/jobs -> 200  78690.5ms
2026-06-02 09:28:51 SLOW GET /api/dashboard/nav-counts -> 200  34735.0ms
2026-06-02 09:28:53 SLOW GET /api/dashboard/nav-counts -> 200  126411.1ms
2026-06-02 09:28:54 SLOW POST /api/consultant-profile/1089 -> 200  119235.5ms
2026-06-02 09:28:56 SLOW GET /api/dashboard/nav-counts -> 200  42532.4ms
2026-06-02 09:28:57 SLOW GET /api/dashboard/nav-counts -> 200  13726.7ms
2026-06-02 09:28:58 SLOW GET /api/dashboard/nav-counts -> 200  130317.0ms
2026-06-02 09:29:04 SLOW GET /api/dashboard/nav-counts -> 200  99238.7ms
2026-06-02 09:29:08 SLOW GET /api/dashboard/nav-counts -> 200  15987.2ms
2026-06-02 09:29:09 GET /api/notifications/stream -> 200  2.0ms
2026-06-02 09:29:10 SLOW GET /api/dashboard/nav-counts -> 200  43891.3ms
2026-06-02 09:29:12 GET /api/health -> 200  3.3ms
2026-06-02 09:29:12 SLOW GET /api/dashboard/nav-counts -> 200  89680.5ms
2026-06-02 09:29:12 SLOW GET /api/dashboard/nav-counts -> 200  109596.7ms
2026-06-02 09:29:14 SLOW GET /api/dashboard/nav-counts -> 200  52885.4ms
2026-06-02 09:29:15 SLOW GET /api/dashboard/nav-counts -> 200  88508.3ms
2026-06-02 09:29:17 GET /api/dashboard/nav-counts -> 200  284.1ms
2026-06-02 09:29:19 GET /api/dashboard/nav-counts -> 200  905.9ms
2026-06-02 09:29:22 SLOW GET /api/hrbp/notifications -> 200  2329.4ms
2026-06-02 09:29:28 SLOW GET /api/dashboard/nav-counts -> 200  92721.0ms
2026-06-02 09:29:28 SLOW GET /api/dashboard/nav-counts -> 200  84236.8ms
2026-06-02 09:29:28 SLOW GET /api/dashboard/nav-counts -> 200  81931.5ms
2026-06-02 09:29:28 SLOW GET /api/dashboard/nav-counts -> 200  43944.0ms
2026-06-02 09:29:30 SLOW GET /api/dashboard/nav-counts -> 200  70137.7ms
2026-06-02 09:29:30 SLOW GET /api/dashboard/nav-counts -> 200  8695.3ms
2026-06-02 09:29:30 SLOW GET /api/dashboard/nav-counts -> 200  104587.4ms
2026-06-02 09:29:31 SLOW GET /api/hrbp/notifications -> 200  61026.7ms
2026-06-02 09:29:34 SLOW GET /api/dashboard/nav-counts -> 200  147711.5ms
2026-06-02 09:29:36 SLOW GET /api/dashboard/nav-counts -> 200  72575.8ms
2026-06-02 09:29:37 SLOW GET /api/dashboard/nav-counts -> 200  81963.4ms
2026-06-02 09:29:39 SLOW GET /api/dashboard/nav-counts -> 200  93403.4ms
2026-06-02 09:29:40 SLOW GET /api/dashboard/nav-counts -> 200  116170.5ms
2026-06-02 09:29:42 GET /api/health -> 200  11.6ms
2026-06-02 09:29:43 GET /api/dashboard/nav-counts -> 200  989.3ms
2026-06-02 09:29:43 GET /api/dashboard/nav-counts -> 200  230.4ms
2026-06-02 09:29:44 GET /api/dashboard/nav-counts -> 200  458.1ms
2026-06-02 09:29:48 SLOW GET /api/dashboard/nav-counts -> 200  103935.6ms
2026-06-02 09:29:49 GET /mail-tracker -> 200  5.1ms
2026-06-02 09:29:49 GET /assets/index-BWAoNGZT.js -> 200  2.4ms
2026-06-02 09:29:50 GET /logo.jpg -> 200  2.8ms
2026-06-02 09:29:50 GET /api/notifications/stream -> 200  29.8ms
2026-06-02 09:29:53 GET /api/dashboard/nav-counts -> 200  134.1ms
2026-06-02 09:29:57 SLOW GET /api/dashboard/nav-counts -> 200  185365.8ms
2026-06-02 09:29:59 SLOW GET /api/dashboard/nav-counts -> 200  134431.4ms
2026-06-02 09:30:01 SLOW GET /api/dashboard/nav-counts -> 200  104758.8ms
2026-06-02 09:30:05 SLOW GET /api/dashboard/nav-counts -> 200  118681.1ms
2026-06-02 09:30:07 GET /api/notifications/stream -> 200  3.7ms
2026-06-02 09:30:07 GET /api/notifications/stream -> 200  1.8ms
2026-06-02 09:30:07 GET /api/notifications/stream -> 200  1.8ms
2026-06-02 09:30:07 GET /api/notifications/stream -> 200  1.0ms
2026-06-02 09:30:07 GET /api/notifications/stream -> 200  1.8ms
2026-06-02 09:30:07 GET /api/notifications/stream -> 200  19.7ms
2026-06-02 09:30:07 GET /api/notifications/stream -> 200  25.8ms
2026-06-02 09:30:07 GET /api/notifications/stream -> 200  2.3ms
2026-06-02 09:30:07 GET /api/notifications/stream -> 200  3.7ms
2026-06-02 09:30:07 GET /api/notifications/stream -> 200  1.6ms
2026-06-02 09:30:07 GET /api/notifications/stream -> 200  4.1ms
2026-06-02 09:30:07 GET /api/notifications/stream -> 200  1.2ms
2026-06-02 09:30:07 GET /api/notifications/stream -> 200  1.4ms
2026-06-02 09:30:07 GET /api/notifications/stream -> 200  2.2ms
2026-06-02 09:30:07 GET /api/notifications/stream -> 200  3.6ms
2026-06-02 09:30:07 GET /api/notifications/stream -> 200  3.0ms
2026-06-02 09:30:08 GET /api/notifications/stream -> 200  1.5ms
2026-06-02 09:30:08 GET /api/dashboard/nav-counts -> 200  364.5ms
2026-06-02 09:30:09 SLOW GET /api/dashboard/nav-counts -> 200  47311.5ms
2026-06-02 09:30:09 GET /api/notifications/stream -> 200  2.0ms
2026-06-02 09:30:12 GET /api/health -> 200  2.5ms
2026-06-02 09:30:14 SLOW GET /api/dashboard/nav-counts -> 200  117808.5ms
2026-06-02 09:30:15 SLOW GET /api/dashboard/nav-counts -> 200  135648.6ms
2026-06-02 09:30:15 SLOW GET /api/dashboard/nav-counts -> 200  90409.2ms
2026-06-02 09:30:15 SLOW GET /api/dashboard/notifications -> 200  118347.5ms
2026-06-02 09:30:17 SLOW GET /api/dashboard/nav-counts -> 200  114085.9ms
2026-06-02 09:30:17 SLOW GET /api/dashboard/nav-counts -> 200  48237.7ms
2026-06-02 09:30:18 SLOW GET /api/form-config/email_fields -> 200  63899.5ms
2026-06-02 09:30:27 SLOW GET /api/dashboard/nav-counts -> 200  87657.6ms
2026-06-02 09:30:28 SLOW GET /api/dashboard/nav-counts -> 200  103445.9ms
2026-06-02 09:30:29 SLOW GET /api/dashboard/nav-counts -> 200  70031.8ms
2026-06-02 09:30:30 SLOW GET /api/dashboard/nav-counts -> 200  24240.5ms
2026-06-02 09:30:30 SLOW GET /api/dashboard/nav-counts -> 200  126809.5ms
2026-06-02 09:30:31 SLOW GET /api/dashboard/nav-counts -> 200  142274.2ms
2026-06-02 09:30:31 SLOW GET /api/dashboard/nav-counts -> 200  174907.6ms
2026-06-02 09:30:32 SLOW GET /api/dashboard/nav-counts -> 200  94525.5ms
2026-06-02 09:30:35 SLOW GET /api/hrbp/notifications -> 200  15834.3ms
2026-06-02 09:30:38 SLOW GET /api/dashboard/nav-counts -> 200  79586.1ms
2026-06-02 09:30:42 GET /api/health -> 200  16.1ms
2026-06-02 09:30:44 SLOW GET /api/dashboard/nav-counts -> 200  89949.7ms
2026-06-02 09:30:44 SLOW GET /api/dashboard/nav-counts -> 200  76514.4ms
2026-06-02 09:30:46 SLOW GET /api/dashboard/nav-counts -> 200  84654.5ms
2026-06-02 09:30:47 SLOW GET /api/dashboard/nav-counts -> 200  38249.7ms
2026-06-02 09:30:48 SLOW GET /api/dashboard/nav-counts -> 200  100473.5ms
2026-06-02 09:30:55 GET /api/notifications/stream -> 200  31.4ms
2026-06-02 09:30:56 SLOW GET /api/dashboard/nav-counts -> 200  19019.7ms
2026-06-02 09:30:56 SLOW GET /api/dashboard/nav-counts -> 200  14741.1ms
2026-06-02 09:30:59 SLOW GET /api/dashboard/nav-counts -> 200  97283.8ms
2026-06-02 09:30:59 SLOW GET /api/dashboard/nav-counts -> 200  72904.6ms
2026-06-02 09:30:59 GET /api/notifications/stream -> 200  2.0ms
2026-06-02 09:31:02 SLOW GET /api/dashboard/nav-counts -> 200  100856.5ms
2026-06-02 09:31:04 SLOW GET /api/dashboard/nav-counts -> 200  142330.7ms
2026-06-02 09:31:06 GET /api/dashboard/nav-counts -> 200  541.9ms
2026-06-02 09:31:08 SLOW GET /api/dashboard/nav-counts -> 200  101965.9ms
2026-06-02 09:31:11 SLOW GET /api/jobs -> 200  251705.2ms
2026-06-02 09:31:16 SLOW GET /api/dashboard/nav-counts -> 200  88166.5ms
2026-06-02 09:31:16 SLOW GET /api/dashboard/nav-counts -> 200  102016.3ms
2026-06-02 09:31:16 SLOW GET /api/dashboard/nav-counts -> 200  48087.7ms
2026-06-02 09:31:19 SLOW GET /api/dashboard/nav-counts -> 200  117254.1ms
2026-06-02 09:31:21 SLOW GET /api/dashboard/nav-counts -> 200  84781.7ms
2026-06-02 09:31:21 SLOW GET /api/dashboard/nav-counts -> 200  104120.6ms
2026-06-02 09:31:22 SLOW GET /api/dashboard/nav-counts -> 200  134928.2ms
2026-06-02 09:31:22 SLOW GET /api/dashboard/nav-counts -> 200  262650.9ms
2026-06-02 09:31:22 SLOW GET /api/hrbp/notifications -> 200  77005.9ms
2026-06-02 09:31:28 SLOW GET /api/dashboard/nav-counts -> 200  99879.6ms
2026-06-02 09:31:29 SLOW GET /api/dashboard/nav-counts -> 200  104427.3ms
2026-06-02 09:31:30 GET /api/notifications/stream -> 200  2.0ms
2026-06-02 09:31:36 SLOW GET /api/dashboard/nav-counts -> 200  134693.2ms
2026-06-02 09:31:37 SLOW GET /api/dashboard/nav-counts -> 200  72601.5ms
2026-06-02 09:31:39 SLOW GET /api/dashboard/nav-counts -> 200  53831.8ms
2026-06-02 09:31:39 SLOW GET /api/dashboard/nav-counts -> 200  2358.1ms
2026-06-02 09:31:41 SLOW GET /api/dashboard/nav-counts -> 200  58580.1ms
2026-06-02 09:31:43 GET /leaderboard -> 200  153.0ms
2026-06-02 09:31:43 GET /leaderboard -> 200  5.5ms
2026-06-02 09:31:43 GET /leaderboard -> 200  287.1ms
2026-06-02 09:31:44 GET /logo.jpg -> 200  2.8ms
2026-06-02 09:31:44 GET /api/notifications/stream -> 200  1.5ms
2026-06-02 09:31:44 GET /favicon.svg -> 200  42.9ms
2026-06-02 09:31:45 SLOW GET /api/dashboard/nav-counts -> 200  108613.8ms
2026-06-02 09:31:47 GET /api/health -> 200  10.1ms
2026-06-02 09:31:49 SLOW GET /api/dashboard/nav-counts -> 200  63943.2ms
2026-06-02 09:31:49 SLOW GET /api/followup/jobs -> 200  289196.0ms
2026-06-02 09:31:50 SLOW GET /api/dashboard/nav-counts -> 200  143845.1ms
2026-06-02 09:31:51 SLOW GET /api/dashboard/nav-counts -> 200  65717.9ms
2026-06-02 09:31:51 SLOW GET /api/dashboard/nav-counts -> 200  7729.6ms
2026-06-02 09:31:55 SLOW GET /api/dashboard/nav-counts -> 200  46925.5ms
2026-06-02 09:31:58 SLOW GET /api/dashboard/nav-counts -> 200  129322.5ms
2026-06-02 09:31:59 SLOW GET /api/dashboard/nav-counts -> 200  165164.1ms
2026-06-02 09:32:00 SLOW GET /api/hrbp/notifications -> 200  149399.0ms
2026-06-02 09:32:00 SLOW GET /api/dashboard/nav-counts -> 200  155790.7ms
2026-06-02 09:32:02 SLOW GET /api/dashboard/nav-counts -> 200  133357.8ms
2026-06-02 09:32:02 SLOW GET /api/dashboard/nav-counts -> 200  115642.3ms
2026-06-02 09:32:03 SLOW GET /api/dashboard/nav-counts -> 200  126348.9ms
2026-06-02 09:32:05 GET /api/notifications/stream -> 200  3.3ms
2026-06-02 09:32:07 SLOW GET /api/dashboard/nav-counts -> 200  109662.4ms
2026-06-02 09:32:08 SLOW GET /api/dashboard/nav-counts -> 200  82813.7ms
2026-06-02 09:32:08 GET /api/notifications/stream -> 200  20.7ms
2026-06-02 09:32:08 SLOW GET /api/candidates -> 200  150362.5ms
2026-06-02 09:32:09 SLOW GET /api/dashboard/nav-counts -> 200  99456.4ms
2026-06-02 09:32:09 SLOW GET /api/dashboard/nav-counts -> 200  182777.8ms
2026-06-02 09:32:09 SLOW GET /api/dashboard/nav-counts -> 200  109947.7ms
2026-06-02 09:32:10 SLOW GET /api/hrbp/notifications -> 200  80926.8ms
2026-06-02 09:32:14 SLOW GET /api/dashboard/nav-counts -> 200  139972.3ms
2026-06-02 09:32:14 SLOW GET /api/dashboard/nav-counts -> 200  84810.5ms
2026-06-02 09:32:14 SLOW GET /api/dashboard/nav-counts -> 200  137793.1ms
2026-06-02 09:32:18 GET /api/health -> 200  2.1ms
2026-06-02 09:32:18 SLOW GET /api/dashboard/nav-counts -> 200  12542.2ms
2026-06-02 09:32:18 SLOW GET /api/dashboard/nav-counts -> 200  36347.0ms
2026-06-02 09:32:18 SLOW GET /api/dashboard/nav-counts -> 200  24684.4ms
2026-06-02 09:32:19 GET /jobs -> 200  6.7ms
2026-06-02 09:32:19 GET /assets/index-BWAoNGZT.js -> 200  37.4ms
2026-06-02 09:32:19 GET /assets/index-B8GOpH0E.css -> 200  27.7ms
2026-06-02 09:32:19 SLOW GET /api/dashboard/nav-counts -> 200  110669.9ms
2026-06-02 09:32:20 GET /favicon.svg -> 200  4.6ms
2026-06-02 09:32:20 GET /api/notifications/stream -> 200  30.7ms
2026-06-02 09:32:20 SLOW GET /api/dashboard/nav-counts -> 200  66124.8ms
2026-06-02 09:32:20 GET /logo.jpg -> 200  50.2ms
2026-06-02 09:32:20 GET /mail-tracker -> 200  403.5ms
2026-06-02 09:32:20 SLOW GET /api/dashboard/nav-counts -> 200  133784.3ms
2026-06-02 09:32:20 SLOW GET /api/dashboard/nav-counts -> 200  90641.2ms
2026-06-02 09:32:21 GET /api/notifications/stream -> 200  19.7ms
2026-06-02 09:32:21 GET /logo.jpg -> 200  25.2ms
2026-06-02 09:32:21 SLOW GET /api/dashboard/nav-counts -> 200  97652.7ms
2026-06-02 09:32:21 SLOW GET /api/dashboard/nav-counts -> 200  72643.3ms
2026-06-02 09:32:24 GET /api/notifications/stream -> 200  1.2ms
2026-06-02 09:32:28 SLOW GET /api/dashboard/nav-counts -> 200  121036.8ms
2026-06-02 09:32:33 SLOW GET /api/dashboard/nav-counts -> 200  138070.2ms
2026-06-02 09:32:39 SLOW GET /api/dashboard/nav-counts -> 200  177500.1ms
2026-06-02 09:32:44 SLOW GET /api/dashboard/nav-counts -> 200  98074.1ms
2026-06-02 09:32:44 SLOW GET /api/dashboard/nav-counts -> 200  118498.1ms
2026-06-02 09:32:47 SLOW GET /api/dashboard/nav-counts -> 200  162557.5ms
2026-06-02 09:32:47 SLOW GET /api/dashboard/nav-counts -> 200  137972.7ms
2026-06-02 09:32:48 GET /api/health -> 200  11.3ms
2026-06-02 09:32:48 SLOW GET /api/dashboard/nav-counts -> 200  136169.2ms
2026-06-02 09:32:48 SLOW GET /api/hrbp/notifications -> 200  88869.4ms
2026-06-02 09:32:49 SLOW GET /api/dashboard/nav-counts -> 200  31926.0ms
2026-06-02 09:32:50 SLOW GET /api/dashboard/nav-counts -> 200  26284.8ms
2026-06-02 09:32:53 SLOW GET /api/dashboard/nav-counts -> 200  153626.1ms
2026-06-02 09:32:53 SLOW GET /api/dashboard/nav-counts -> 200  83761.8ms
2026-06-02 09:32:55 SLOW GET /api/jobs/client-summary -> 200  69553.3ms
2026-06-02 09:32:56 SLOW GET /api/dashboard/nav-counts -> 200  215016.4ms
2026-06-02 09:33:00 SLOW GET /api/dashboard/nav-counts -> 200  174402.3ms
2026-06-02 09:33:00 SLOW GET /api/dashboard/nav-counts -> 200  54808.8ms
2026-06-02 09:33:04 SLOW GET /api/dashboard/nav-counts -> 200  26085.0ms
2026-06-02 09:33:04 SLOW GET /api/dashboard/nav-counts -> 200  187185.3ms
2026-06-02 09:33:04 SLOW GET /api/dashboard/nav-counts -> 200  200288.8ms
2026-06-02 09:33:05 GET /jobs -> 200  43.5ms
2026-06-02 09:33:05 SLOW GET /api/dashboard/nav-counts -> 200  44531.5ms
2026-06-02 09:33:05 SLOW GET /api/dashboard/nav-counts -> 200  180887.4ms
2026-06-02 09:33:05 GET /assets/index-BWAoNGZT.js -> 200  50.0ms
2026-06-02 09:33:05 GET /logo.jpg -> 200  3.1ms
2026-06-02 09:33:05 SLOW GET /api/dashboard/nav-counts -> 200  167000.7ms
2026-06-02 09:33:05 GET /api/notifications/stream -> 200  4.1ms
2026-06-02 09:33:05 GET /favicon.svg -> 200  11.3ms
2026-06-02 09:33:07 SLOW GET /api/dashboard/nav-counts -> 200  77441.6ms
2026-06-02 09:33:12 SLOW GET /api/dashboard/nav-counts -> 200  122933.7ms
2026-06-02 09:33:13 SLOW GET /api/dashboard/nav-counts -> 200  133644.1ms
2026-06-02 09:33:13 SLOW GET /api/hrbp/notifications -> 200  128518.3ms
2026-06-02 09:33:15 SLOW GET /api/dashboard/nav-counts -> 200  233244.6ms
2026-06-02 09:33:15 SLOW GET /api/dashboard/nav-counts -> 200  126584.6ms
2026-06-02 09:33:16 SLOW GET /api/dashboard/nav-counts -> 200  126221.0ms
2026-06-02 09:33:16 SLOW GET /api/dashboard/nav-counts -> 200  67752.1ms
2026-06-02 09:33:18 SLOW GET /api/dashboard/nav-counts -> 200  225685.2ms
2026-06-02 09:33:18 SLOW GET /api/dashboard/nav-counts -> 200  161051.7ms
2026-06-02 09:33:18 SLOW GET /api/hrbp/notifications -> 200  28762.6ms
2026-06-02 09:33:19 GET /api/health -> 200  2.0ms
2026-06-02 09:33:20 GET /api/notifications/stream -> 200  3.3ms
2026-06-02 09:33:21 SLOW GET /api/hrbp/notifications -> 200  16267.9ms
2026-06-02 09:33:21 SLOW GET /api/dashboard/nav-counts -> 200  4808.8ms
2026-06-02 09:33:27 SLOW GET /api/dashboard/nav-counts -> 200  168757.4ms
2026-06-02 09:33:29 SLOW GET /api/dashboard/nav-counts -> 200  194032.9ms
2026-06-02 09:33:29 SLOW GET /api/dashboard/nav-counts -> 200  245013.7ms
2026-06-02 09:33:33 SLOW GET /api/dashboard/nav-counts -> 200  166636.5ms
2026-06-02 09:33:37 SLOW GET /api/dashboard/nav-counts -> 200  172176.9ms
2026-06-02 09:33:37 SLOW GET /api/dashboard/nav-counts -> 200  44515.5ms
2026-06-02 09:33:37 SLOW GET /api/dashboard/nav-counts -> 200  44129.0ms
2026-06-02 09:33:38 SLOW GET /api/jobs -> 200  41961.4ms
2026-06-02 09:33:38 SLOW GET /api/dashboard/nav-counts -> 200  9321.7ms
2026-06-02 09:33:40 SLOW GET /api/dashboard/nav-counts -> 200  213824.4ms
2026-06-02 09:33:40 SLOW GET /api/jobs/client-summary -> 200  80283.9ms
2026-06-02 09:33:43 SLOW GET /api/dashboard/nav-counts -> 200  143178.2ms
2026-06-02 09:33:43 GET /api/notifications/stream -> 200  2.4ms
2026-06-02 09:33:43 GET /api/notifications/stream -> 200  1.8ms
2026-06-02 09:33:43 GET /api/notifications/stream -> 200  5.7ms
2026-06-02 09:33:44 GET /api/notifications/stream -> 200  1.8ms
2026-06-02 09:33:49 GET /api/health -> 200  4.9ms
2026-06-02 09:33:50 SLOW GET /api/dashboard/nav-counts -> 200  183592.7ms
2026-06-02 09:33:51 SLOW GET /api/dashboard/nav-counts -> 200  153218.8ms
2026-06-02 09:33:51 SLOW GET /api/dashboard/notifications -> 200  127055.6ms
2026-06-02 09:33:54 SLOW GET /api/dashboard/nav-counts -> 200  73194.7ms
2026-06-02 09:33:55 SLOW GET /api/dashboard/nav-counts -> 200  191214.9ms
2026-06-02 09:33:56 SLOW GET /api/dashboard/nav-counts -> 200  186038.9ms
2026-06-02 09:33:56 SLOW GET /api/hrbp/notifications -> 200  111443.6ms
2026-06-02 09:33:59 SLOW GET /api/dashboard/nav-counts -> 200  141838.0ms
2026-06-02 09:33:59 SLOW GET /api/dashboard/nav-counts -> 200  219851.6ms
2026-06-02 09:34:00 SLOW GET /api/dashboard/nav-counts -> 200  186201.1ms
2026-06-02 09:34:07 SLOW GET /api/dashboard/nav-counts -> 200  196504.5ms
2026-06-02 09:34:07 SLOW GET /api/dashboard/nav-counts -> 200  129311.9ms
2026-06-02 09:34:07 SLOW GET /api/dashboard/nav-counts -> 200  99091.0ms
2026-06-02 09:34:11 SLOW GET /api/jobs -> 200  97034.4ms
2026-06-02 09:34:11 SLOW GET /api/dashboard/nav-counts -> 200  180526.1ms
2026-06-02 09:34:13 SLOW GET /api/dashboard/nav-counts -> 200  176182.1ms
2026-06-02 09:34:13 SLOW GET /api/dashboard/nav-counts -> 200  113992.3ms
2026-06-02 09:34:15 SLOW GET /api/dashboard/nav-counts -> 200  182554.4ms
2026-06-02 09:34:15 SLOW GET /api/dashboard/nav-counts -> 200  210053.9ms
2026-06-02 09:34:16 SLOW GET /api/jobs -> 200  210836.1ms
2026-06-02 09:34:17 GET /mail-tracker -> 200  19.3ms
2026-06-02 09:34:18 GET /favicon.svg -> 200  4.1ms
2026-06-02 09:34:18 GET /logo.jpg -> 200  10.0ms
2026-06-02 09:34:18 GET /api/notifications/stream -> 200  2.5ms
2026-06-02 09:34:18 SLOW GET /api/dashboard/nav-counts -> 200  154089.9ms
2026-06-02 09:34:18 GET /mail-tracker -> 200  354.6ms
2026-06-02 09:34:18 GET /favicon.svg -> 200  5.5ms
2026-06-02 09:34:18 GET /api/notifications/stream -> 200  7.8ms
2026-06-02 09:34:20 SLOW GET /api/dashboard/nav-counts -> 200  295681.3ms
2026-06-02 09:34:20 SLOW GET /api/dashboard/nav-counts -> 200  215717.6ms
2026-06-02 09:34:20 SLOW GET /api/dashboard/nav-counts -> 200  186608.8ms
2026-06-02 09:34:20 SLOW GET /api/jobs/client-summary -> 200  74929.9ms
2026-06-02 09:34:20 SLOW GET /api/dashboard/nav-counts -> 200  174181.0ms
2026-06-02 09:34:22 SLOW GET /api/health -> 200  1618.8ms
2026-06-02 09:34:30 SLOW GET /api/dashboard/nav-counts -> 200  189508.6ms
2026-06-02 09:34:30 SLOW GET /favicon.svg -> 200  98235.4ms
2026-06-02 09:34:32 SLOW GET /api/dashboard/nav-counts -> 200  226740.8ms
2026-06-02 09:34:32 SLOW GET /api/dashboard/nav-counts -> 200  227059.3ms
2026-06-02 09:34:35 SLOW GET /api/dashboard/nav-counts -> 200  31528.0ms
2026-06-02 09:34:40 SLOW GET /api/dashboard/nav-counts -> 200  34217.2ms
2026-06-02 09:34:40 SLOW GET /api/dashboard/nav-counts -> 200  147099.9ms
2026-06-02 09:34:41 SLOW GET /api/dashboard/notifications -> 200  95890.0ms
2026-06-02 09:34:42 SLOW PATCH /api/jobs/17 -> 200  204159.1ms
2026-06-02 09:34:43 SLOW GET /api/dashboard/nav-counts -> 200  217525.1ms
2026-06-02 09:34:44 SLOW GET /api/dashboard/nav-counts -> 200  137300.8ms
2026-06-02 09:34:44 SLOW GET /api/dashboard/nav-counts -> 200  114492.8ms
2026-06-02 09:34:51 SLOW GET /api/dashboard/nav-counts -> 200  65694.2ms
2026-06-02 09:34:51 SLOW GET /api/dashboard/nav-counts -> 200  42286.5ms
2026-06-02 09:34:53 GET /api/health -> 200  3.2ms
2026-06-02 09:34:55 SLOW GET /api/dashboard/nav-counts -> 200  249041.6ms
2026-06-02 09:34:56 GET /api/notifications/stream -> 200  3.7ms
2026-06-02 09:34:57 SLOW GET /api/dashboard/nav-counts -> 200  163289.3ms
2026-06-02 09:35:01 GET /favicon.svg -> 200  9.0ms
2026-06-02 09:35:01 SLOW GET /api/dashboard/nav-counts -> 200  221991.3ms
2026-06-02 09:35:04 GET /api/notifications/stream -> 200  2.9ms
2026-06-02 09:35:04 GET /api/notifications/stream -> 200  3.6ms
2026-06-02 09:35:04 GET /api/notifications/stream -> 200  3.7ms
2026-06-02 09:35:06 GET /api/notifications/stream -> 200  4.6ms
2026-06-02 09:35:06 GET /api/notifications/stream -> 200  8.5ms
2026-06-02 09:35:06 GET /api/notifications/stream -> 200  2.7ms
2026-06-02 09:35:06 GET /api/notifications/stream -> 200  2.6ms
2026-06-02 09:35:06 GET /api/notifications/stream -> 200  2.7ms
2026-06-02 09:35:06 GET /api/notifications/stream -> 200  1.8ms
2026-06-02 09:35:06 GET /api/notifications/stream -> 200  4.1ms
2026-06-02 09:35:06 GET /api/notifications/stream -> 200  4.6ms
2026-06-02 09:35:07 GET /api/notifications/stream -> 200  1.6ms
2026-06-02 09:35:07 GET /api/notifications/stream -> 200  2.4ms
2026-06-02 09:35:07 GET /api/notifications/stream -> 200  2.9ms
2026-06-02 09:35:07 GET /api/notifications/stream -> 200  2.4ms
2026-06-02 09:35:08 SLOW GET /api/dashboard/nav-counts -> 200  172643.0ms
2026-06-02 09:35:08 GET /api/notifications/stream -> 200  1.0ms
2026-06-02 09:35:09 SLOW GET /api/dashboard/nav-counts -> 200  124088.0ms
2026-06-02 09:35:09 GET /api/notifications/stream -> 200  34.5ms
2026-06-02 09:35:09 SLOW GET /api/dashboard/nav-counts -> 200  114455.6ms
2026-06-02 09:35:11 SLOW GET /api/dashboard/nav-counts -> 200  265934.7ms
2026-06-02 09:35:12 SLOW GET /api/dashboard/nav-counts -> 200  201647.6ms
2026-06-02 09:35:12 SLOW GET /api/dashboard/notifications -> 200  172614.1ms
2026-06-02 09:35:13 SLOW GET /api/dashboard/notifications -> 200  172014.7ms
2026-06-02 09:35:13 SLOW GET /api/dashboard/nav-counts -> 200  66310.7ms
2026-06-02 09:35:13 SLOW GET /api/dashboard/nav-counts -> 200  314391.5ms
2026-06-02 09:35:20 SLOW GET /api/dashboard/nav-counts -> 200  265964.4ms
2026-06-02 09:35:20 SLOW GET /api/hrbp/notifications -> 200  200139.1ms
2026-06-02 09:35:21 SLOW GET /api/hrbp/notifications -> 200  1615.5ms
2026-06-02 09:35:22 SLOW GET /api/dashboard/nav-counts -> 200  157393.0ms
2026-06-02 09:35:22 SLOW GET /api/hrbp/notifications -> 200  122601.8ms
2026-06-02 09:35:24 GET /api/health -> 200  9.0ms
2026-06-02 09:35:28 SLOW GET /api/dashboard/nav-counts -> 200  247732.1ms
2026-06-02 09:35:29 SLOW GET /api/dashboard/nav-counts -> 200  201027.3ms
2026-06-02 09:35:30 SLOW GET /api/dashboard/nav-counts -> 200  108663.5ms
2026-06-02 09:35:31 SLOW GET /api/dashboard/nav-counts -> 200  135614.4ms
2026-06-02 09:35:32 SLOW GET /api/dashboard/nav-counts -> 200  200561.6ms
2026-06-02 09:35:32 SLOW GET /api/hrbp/notifications -> 200  119393.7ms
2026-06-02 09:35:40 SLOW GET /api/dashboard/nav-counts -> 200  200197.2ms
2026-06-02 09:35:44 SLOW GET /api/dashboard/nav-counts -> 200  236579.1ms
2026-06-02 09:35:48 SLOW GET /api/dashboard/nav-counts -> 200  280028.6ms
2026-06-02 09:35:49 GET /jobs -> 200  22.2ms
2026-06-02 09:35:49 GET /assets/index-BWAoNGZT.js -> 200  5.5ms
2026-06-02 09:35:49 SLOW GET /api/mails -> 200  548894.7ms
2026-06-02 09:35:50 SLOW GET /api/dashboard/nav-counts -> 200  113545.0ms
2026-06-02 09:35:50 SLOW GET /api/dashboard/nav-counts -> 200  261474.6ms
2026-06-02 09:35:50 SLOW GET /api/dashboard/nav-counts -> 200  245840.8ms
2026-06-02 09:35:53 SLOW GET /api/dashboard/nav-counts -> 200  154613.4ms
2026-06-02 09:35:54 SLOW GET /api/dashboard/nav-counts -> 200  267166.0ms
2026-06-02 09:35:54 SLOW GET /api/dashboard/nav-counts -> 200  244400.7ms
2026-06-02 09:35:55 GET /api/health -> 200  2.1ms
2026-06-02 09:35:58 SLOW GET /api/dashboard/nav-counts -> 200  131277.0ms
2026-06-02 09:35:58 SLOW GET /api/dashboard/nav-counts -> 200  106467.5ms
2026-06-02 09:35:59 GET /api/notifications/stream -> 200  1.5ms
2026-06-02 09:35:59 SLOW GET /api/dashboard/nav-counts -> 200  257267.2ms
2026-06-02 09:35:59 SLOW GET /api/clients -> 200  56736.7ms
2026-06-02 09:36:00 SLOW GET /api/dashboard/nav-counts -> 200  146978.1ms
2026-06-02 09:36:00 SLOW GET /api/dashboard/nav-counts -> 200  57759.1ms
2026-06-02 09:36:00 SLOW GET /api/dashboard/nav-counts -> 200  147129.8ms
2026-06-02 09:36:01 SLOW GET /api/dashboard/nav-counts -> 200  58659.0ms
2026-06-02 09:36:01 SLOW GET /api/dashboard/nav-counts -> 200  293491.3ms
2026-06-02 09:36:01 SLOW GET /api/business-heads -> 200  58966.1ms
2026-06-02 09:36:03 SLOW GET /api/dashboard/nav-counts -> 200  298445.1ms
2026-06-02 09:36:03 SLOW GET /api/dashboard/nav-counts -> 200  134634.0ms
2026-06-02 09:36:09 SLOW GET /api/dashboard/nav-counts -> 200  175690.2ms
2026-06-02 09:36:10 SLOW GET /api/clients -> 200  131890.5ms
2026-06-02 09:36:10 GET /jobs -> 200  5.2ms
2026-06-02 09:36:10 GET /logo.jpg -> 200  11.5ms
2026-06-02 09:36:10 GET /api/notifications/stream -> 200  6.8ms
2026-06-02 09:36:10 GET /favicon.svg -> 200  12.4ms
2026-06-02 09:36:13 GET /api/notifications/stream -> 200  2.0ms
2026-06-02 09:36:14 GET /api/notifications/stream -> 200  1.2ms
2026-06-02 09:36:14 GET /api/notifications/stream -> 200  1.2ms
2026-06-02 09:36:14 GET /api/notifications/stream -> 200  1.9ms
2026-06-02 09:36:14 GET /api/notifications/stream -> 200  1.0ms
2026-06-02 09:36:14 GET /api/notifications/stream -> 200  1.8ms
2026-06-02 09:36:14 GET /api/notifications/stream -> 200  1.7ms
2026-06-02 09:36:14 GET /api/notifications/stream -> 200  1.6ms
2026-06-02 09:36:14 GET /api/notifications/stream -> 200  1.9ms
2026-06-02 09:36:14 GET /api/notifications/stream -> 200  24.9ms
2026-06-02 09:36:14 GET /api/notifications/stream -> 200  21.8ms
2026-06-02 09:36:14 GET /api/notifications/stream -> 200  1.3ms
2026-06-02 09:36:14 GET /api/notifications/stream -> 200  1.9ms
2026-06-02 09:36:14 GET /api/notifications/stream -> 200  4.7ms
2026-06-02 09:36:15 GET /api/notifications/stream -> 200  1.1ms
2026-06-02 09:36:15 GET /api/notifications/stream -> 200  4.0ms
2026-06-02 09:36:15 GET /api/notifications/stream -> 200  4.7ms
2026-06-02 09:36:15 SLOW GET /api/dashboard/nav-counts -> 200  129034.9ms
2026-06-02 09:36:15 GET /api/notifications/stream -> 200  12.4ms
2026-06-02 09:36:15 SLOW GET /api/dashboard/nav-counts -> 200  180619.2ms
2026-06-02 09:36:15 SLOW GET /api/hrbp/notifications -> 200  115809.8ms
2026-06-02 09:36:16 SLOW GET /api/dashboard/nav-counts -> 200  163247.5ms
2026-06-02 09:36:17 SLOW GET /api/dashboard/nav-counts -> 200  155674.2ms
2026-06-02 09:36:18 SLOW GET /api/jobs/client-summary -> 200  10118.5ms
2026-06-02 09:36:20 SLOW GET /api/clients -> 200  4650.5ms
2026-06-02 09:36:20 GET /api/hrbp/notifications -> 200  924.6ms
2026-06-02 09:36:21 SLOW GET /api/users/delivery-leads -> 200  5888.2ms
2026-06-02 09:36:21 SLOW GET /api/business-heads -> 200  6045.1ms
2026-06-02 09:36:25 GET /api/health -> 200  2.3ms
2026-06-02 09:36:25 SLOW GET /api/dashboard/nav-counts -> 200  253335.8ms
2026-06-02 09:36:26 SLOW GET /api/dashboard/nav-counts -> 200  262191.7ms
2026-06-02 09:36:27 SLOW GET /api/dashboard/nav-counts -> 200  130206.1ms
2026-06-02 09:36:29 GET /api/dashboard/nav-counts -> 200  890.5ms
2026-06-02 09:36:29 GET /api/dashboard/nav-counts -> 200  142.1ms
2026-06-02 09:36:31 SLOW GET /api/dashboard/nav-counts -> 200  75856.1ms
2026-06-02 09:36:31 SLOW GET /api/dashboard/nav-counts -> 200  62861.1ms
2026-06-02 09:36:33 SLOW GET /api/dashboard/nav-counts -> 200  306564.6ms
2026-06-02 09:36:35 SLOW GET /api/dashboard/nav-counts -> 200  201661.1ms
2026-06-02 09:36:35 SLOW GET /api/jobs -> 200  241514.9ms
2026-06-02 09:36:38 SLOW GET /api/dashboard/nav-counts -> 200  311900.5ms
2026-06-02 09:36:38 SLOW GET /api/dashboard/nav-counts -> 200  213467.9ms
2026-06-02 09:36:39 GET /login -> 200  2.9ms
2026-06-02 09:36:39 GET /assets/index-B8GOpH0E.css -> 200  2.2ms
2026-06-02 09:36:39 GET /assets/index-BWAoNGZT.js -> 200  2.6ms
2026-06-02 09:36:39 SLOW GET /api/dashboard/nav-counts -> 200  199168.0ms
2026-06-02 09:36:39 SLOW GET /api/dashboard/nav-counts -> 200  232962.9ms
2026-06-02 09:36:39 GET /logo.jpg -> 200  1.8ms
2026-06-02 09:36:39 GET /favicon.svg -> 200  4.2ms
2026-06-02 09:36:40 SLOW GET /api/hrbp/notifications -> 200  175026.3ms
2026-06-02 09:36:42 SLOW GET /api/dashboard/nav-counts -> 200  152169.4ms
2026-06-02 09:36:42 SLOW GET /api/dashboard/nav-counts -> 200  134465.4ms
2026-06-02 09:36:43 SLOW GET /api/dashboard/nav-counts -> 200  134693.0ms
2026-06-02 09:36:43 SLOW GET /api/dashboard/nav-counts -> 200  190093.6ms
2026-06-02 09:36:45 SLOW GET /api/dashboard/nav-counts -> 200  90592.6ms
2026-06-02 09:36:47 SLOW GET /api/dashboard/nav-counts -> 200  320107.0ms
2026-06-02 09:36:47 SLOW GET /jobs -> 200  217160.0ms
2026-06-02 09:36:47 SLOW GET /jobs -> 200  216719.0ms
2026-06-02 09:36:47 SLOW GET /jobs -> 200  216619.9ms
2026-06-02 09:36:55 GET /api/health -> 200  4.1ms
2026-06-02 09:36:56 SLOW GET /api/jobs -> 200  163645.3ms
2026-06-02 09:36:59 SLOW GET /api/dashboard/nav-counts -> 200  100484.0ms
2026-06-02 09:37:01 SLOW GET /api/dashboard/nav-counts -> 200  163259.5ms
2026-06-02 09:37:02 SLOW GET /api/dashboard/nav-counts -> 200  244335.5ms
2026-06-02 09:37:02 SLOW GET /api/dashboard/nav-counts -> 200  290506.1ms
2026-06-02 09:37:03 SLOW GET /api/dashboard/nav-counts -> 200  85879.9ms
2026-06-02 09:37:03 SLOW GET /api/dashboard/nav-counts -> 200  85010.9ms
2026-06-02 09:37:04 SLOW GET /api/dashboard/nav-counts -> 200  225780.2ms
2026-06-02 09:37:10 SLOW GET /api/dashboard/nav-counts -> 200  241489.0ms
2026-06-02 09:37:12 SLOW GET /api/dashboard/nav-counts -> 200  219382.7ms
2026-06-02 09:37:13 SLOW GET /api/users/delivery-leads -> 200  193721.7ms
2026-06-02 09:37:18 SLOW GET /api/dashboard/nav-counts -> 200  180294.1ms
2026-06-02 09:37:21 SLOW GET /api/dashboard/nav-counts -> 200  51533.9ms
2026-06-02 09:37:22 SLOW GET /api/dashboard/nav-counts -> 200  40673.0ms
2026-06-02 09:37:25 GET /api/health -> 200  1.4ms
2026-06-02 09:37:28 SLOW GET /api/dashboard/nav-counts -> 200  317966.3ms
2026-06-02 09:37:29 SLOW GET /api/dashboard/nav-counts -> 200  123419.0ms
2026-06-02 09:37:29 SLOW GET /api/dashboard/nav-counts -> 200  350595.9ms
2026-06-02 09:37:30 SLOW GET /api/dashboard/nav-counts -> 200  236622.6ms
2026-06-02 09:37:32 SLOW GET /api/dashboard/nav-counts -> 200  133978.9ms
2026-06-02 09:37:32 SLOW GET /api/dashboard/nav-counts -> 200  229708.0ms
2026-06-02 09:37:34 SLOW GET /api/jobs -> 200  325214.7ms
2026-06-02 09:37:34 GET /login -> 200  3.3ms
2026-06-02 09:37:34 GET /assets/index-B8GOpH0E.css -> 200  2.0ms
2026-06-02 09:37:34 GET /assets/index-BWAoNGZT.js -> 200  2.7ms
2026-06-02 09:37:34 GET /logo.jpg -> 200  2.1ms
2026-06-02 09:37:35 GET /api/notifications/stream -> 200  2.2ms
2026-06-02 09:37:35 SLOW GET /api/dashboard/nav-counts -> 200  238097.9ms
2026-06-02 09:37:38 SLOW GET /api/dashboard/nav-counts -> 200  304143.1ms
2026-06-02 09:37:38 SLOW GET /api/dashboard/nav-counts -> 200  245356.3ms
2026-06-02 09:37:39 SLOW GET /api/dashboard/nav-counts -> 200  245429.7ms
2026-06-02 09:37:40 SLOW GET /api/dashboard/nav-counts -> 200  238500.0ms
2026-06-02 09:37:40 SLOW GET /api/dashboard/nav-counts -> 200  150927.9ms
2026-06-02 09:37:40 SLOW GET /api/business-heads -> 200  116931.5ms
2026-06-02 09:37:43 SLOW GET /api/dashboard/nav-counts -> 200  294299.3ms
2026-06-02 09:37:43 GET /api/dashboard/nav-counts -> 200  124.4ms
2026-06-02 09:37:47 GET /api/notifications/stream -> 200  4.5ms
2026-06-02 09:37:47 GET /api/notifications/stream -> 200  3.4ms
2026-06-02 09:37:47 GET /api/notifications/stream -> 200  2.8ms
2026-06-02 09:37:47 SLOW GET /api/dashboard/nav-counts -> 200  218022.7ms
2026-06-02 09:37:50 GET /api/hrbp/notifications -> 200  210.0ms
2026-06-02 09:37:51 GET /api/dashboard/nav-counts -> 200  500.0ms
2026-06-02 09:37:53 GET /api/notifications/stream -> 200  3.8ms
2026-06-02 09:37:53 GET /api/notifications/stream -> 200  1.2ms
2026-06-02 09:37:53 GET /api/notifications/stream -> 200  1.1ms
2026-06-02 09:37:53 GET /api/notifications/stream -> 200  1.8ms
2026-06-02 09:37:53 GET /api/notifications/stream -> 200  1.1ms
2026-06-02 09:37:53 GET /api/notifications/stream -> 200  1.1ms
2026-06-02 09:37:53 GET /api/notifications/stream -> 200  1.2ms
2026-06-02 09:37:53 GET /api/notifications/stream -> 200  2.1ms
2026-06-02 09:37:54 GET /api/dashboard/nav-counts -> 200  396.5ms
2026-06-02 09:37:54 GET /api/notifications/stream -> 200  2.2ms
2026-06-02 09:37:55 SLOW GET /api/dashboard/nav-counts -> 200  123616.1ms
2026-06-02 09:37:55 SLOW GET /api/dashboard/nav-counts -> 200  91924.4ms
2026-06-02 09:37:55 SLOW GET /api/dashboard/nav-counts -> 200  91124.9ms
2026-06-02 09:37:55 GET /api/health -> 200  2.1ms
2026-06-02 09:37:55 GET /api/dashboard/nav-counts -> 200  643.0ms
2026-06-02 09:37:56 SLOW GET /api/dashboard/nav-counts -> 200  216226.5ms
2026-06-02 09:37:57 SLOW GET /api/dashboard/nav-counts -> 200  198959.0ms
2026-06-02 09:38:00 SLOW GET /api/dashboard/nav-counts -> 200  181964.2ms
2026-06-02 09:38:01 SLOW GET /api/dashboard/nav-counts -> 200  101644.1ms
2026-06-02 09:38:02 SLOW GET /api/jobs/client-summary -> 200  6646.6ms
2026-06-02 09:38:03 SLOW GET /api/dashboard/nav-counts -> 200  144251.6ms
2026-06-02 09:38:03 SLOW GET /api/dashboard/nav-counts -> 200  142321.9ms
2026-06-02 09:38:03 SLOW GET /api/dashboard/nav-counts -> 200  141262.8ms
2026-06-02 09:38:03 SLOW GET /api/dashboard/nav-counts -> 200  99141.1ms
2026-06-02 09:38:08 GET /api/dashboard/nav-counts -> 200  363.0ms
2026-06-02 09:38:10 SLOW GET /api/dashboard/nav-counts -> 200  237952.8ms
2026-06-02 09:38:11 SLOW GET /api/dashboard/nav-counts -> 200  189405.3ms
2026-06-02 09:38:11 SLOW GET /api/dashboard/nav-counts -> 200  78852.9ms
2026-06-02 09:38:14 SLOW GET /api/dashboard/nav-counts -> 200  164181.2ms
2026-06-02 09:38:14 SLOW GET /api/dashboard/nav-counts -> 200  309309.7ms
2026-06-02 09:38:14 SLOW GET /api/hrbp/notifications -> 200  264619.0ms
2026-06-02 09:38:14 SLOW GET /api/dashboard/nav-counts -> 200  220648.0ms
2026-06-02 09:38:14 SLOW GET /api/dashboard/nav-counts -> 200  115106.5ms
2026-06-02 09:38:14 SLOW GET /api/dashboard/nav-counts -> 200  151487.0ms
2026-06-02 09:38:16 SLOW GET /api/users/delivery-leads -> 200  152242.7ms
2026-06-02 09:38:18 SLOW GET /api/dashboard/nav-counts -> 200  118942.3ms
2026-06-02 09:38:21 SLOW GET /api/jobs -> 200  86168.6ms
2026-06-02 09:38:21 SLOW POST /api/auth/login -> 401  83244.1ms
2026-06-02 09:38:22 SLOW GET /api/dashboard/nav-counts -> 200  76506.2ms
2026-06-02 09:38:23 SLOW GET /api/dashboard/nav-counts -> 200  194034.4ms
2026-06-02 09:38:24 SLOW GET /api/dashboard/nav-counts -> 200  165501.3ms
2026-06-02 09:38:25 GET /api/health -> 200  1.5ms
2026-06-02 09:38:26 SLOW GET /api/dashboard/nav-counts -> 200  227974.7ms
2026-06-02 09:38:26 SLOW GET /jobs -> 200  28348.8ms
2026-06-02 09:38:27 SLOW GET /api/dashboard/nav-counts -> 200  241442.9ms
2026-06-02 09:38:28 SLOW GET /api/dashboard/nav-counts -> 200  340275.2ms
2026-06-02 09:38:31 SLOW GET /api/dashboard/nav-counts -> 200  133141.0ms
2026-06-02 09:38:34 SLOW GET /api/dashboard/nav-counts -> 200  170820.7ms
2026-06-02 09:38:36 SLOW GET /api/dashboard/nav-counts -> 200  241736.6ms
2026-06-02 09:38:36 SLOW GET /api/dashboard/nav-counts -> 200  233488.9ms
2026-06-02 09:38:45 SLOW GET /assets/index-BWAoNGZT.js -> 200  8830.4ms
2026-06-02 09:38:45 SLOW GET /api/dashboard/nav-counts -> 200  478044.9ms
2026-06-02 09:38:46 SLOW GET /api/dashboard/nav-counts -> 200  63105.8ms
2026-06-02 09:38:49 SLOW GET /api/dashboard/nav-counts -> 200  153406.3ms
2026-06-02 09:38:52 SLOW GET /api/dashboard/nav-counts -> 200  246310.5ms
2026-06-02 09:38:54 SLOW GET /api/dashboard/nav-counts -> 200  348087.4ms
2026-06-02 09:38:54 SLOW GET /api/dashboard/nav-counts -> 200  444905.3ms
2026-06-02 09:38:55 GET /api/health -> 200  1.7ms
2026-06-02 09:39:00 SLOW GET /api/dashboard/nav-counts -> 200  193941.7ms
2026-06-02 09:39:02 SLOW GET /api/dashboard/nav-counts -> 200  379237.6ms
2026-06-02 09:39:03 SLOW GET /api/dashboard/nav-counts -> 200  357860.1ms
2026-06-02 09:39:04 SLOW GET /api/dashboard/nav-counts -> 200  357213.7ms
2026-06-02 09:39:06 SLOW GET /api/dashboard/nav-counts -> 200  248791.8ms
2026-06-02 09:39:08 GET /api/notifications/stream -> 200  1.0ms
2026-06-02 09:39:10 SLOW GET /api/jobs -> 200  159989.7ms
2026-06-02 09:39:10 SLOW GET /api/candidates -> 200  75256.9ms
2026-06-02 09:39:12 SLOW GET /api/dashboard/nav-counts -> 200  297969.6ms
2026-06-02 09:39:16 SLOW GET /api/jobs -> 200  185959.4ms
2026-06-02 09:39:17 SLOW GET /api/dashboard/nav-counts -> 200  251013.2ms
2026-06-02 09:39:19 SLOW GET /api/dashboard/nav-counts -> 200  146716.5ms
2026-06-02 09:39:22 SLOW GET /api/dashboard/nav-counts -> 200  89852.9ms
2026-06-02 09:39:24 SLOW GET /api/jobs -> 200  276697.8ms
2026-06-02 09:39:26 SLOW GET /api/dashboard/nav-counts -> 200  224302.1ms
2026-06-02 09:39:26 GET /api/health -> 200  482.0ms
2026-06-02 09:39:26 SLOW GET /jobs -> 200  23884.3ms
2026-06-02 09:39:26 SLOW GET /api/dashboard/nav-counts -> 200  366811.4ms
2026-06-02 09:39:31 SLOW GET /api/dashboard/nav-counts -> 200  358103.5ms
2026-06-02 09:39:35 GET /api/notifications/stream -> 200  4.0ms
2026-06-02 09:39:35 SLOW GET /api/dashboard/nav-counts -> 200  86482.2ms
2026-06-02 09:39:35 SLOW GET /api/dashboard/nav-counts -> 200  85706.1ms
2026-06-02 09:39:35 GET /api/notifications/stream -> 200  1.2ms
2026-06-02 09:39:35 GET /api/notifications/stream -> 200  35.7ms
2026-06-02 09:39:35 SLOW GET /api/dashboard/nav-counts -> 200  94092.2ms
2026-06-02 09:39:35 GET /api/notifications/stream -> 200  1.3ms
2026-06-02 09:39:35 GET /api/notifications/stream -> 200  1.9ms
2026-06-02 09:39:35 GET /api/notifications/stream -> 200  3.2ms
2026-06-02 09:39:35 GET /api/notifications/stream -> 200  1.4ms
2026-06-02 09:39:35 GET /api/notifications/stream -> 200  3.6ms
2026-06-02 09:39:36 SLOW GET /api/dashboard/nav-counts -> 200  289754.8ms
2026-06-02 09:39:37 GET /api/dashboard/nav-counts -> 200  287.8ms
2026-06-02 09:39:38 SLOW GET /api/dashboard/nav-counts -> 200  235294.1ms
2026-06-02 09:39:38 GET /logo.jpg -> 200  2.9ms
2026-06-02 09:39:38 GET /api/notifications/stream -> 200  1.5ms
2026-06-02 09:39:43 SLOW GET /api/dashboard/nav-counts -> 200  170977.0ms
2026-06-02 09:39:45 SLOW GET /api/dashboard/nav-counts -> 200  242397.4ms
2026-06-02 09:39:46 SLOW GET /api/dashboard/nav-counts -> 200  7973.6ms
2026-06-02 09:39:47 SLOW GET /api/dashboard/nav-counts -> 200  239463.2ms
2026-06-02 09:39:50 SLOW GET /api/dashboard/nav-counts -> 200  11615.4ms
2026-06-02 09:39:53 SLOW GET /api/dashboard/nav-counts -> 200  308742.4ms
2026-06-02 09:39:53 SLOW GET /api/dashboard/nav-counts -> 200  110789.1ms
2026-06-02 09:39:55 SLOW GET /api/dashboard/nav-counts -> 200  409855.0ms
2026-06-02 09:39:56 GET /api/health -> 200  1.8ms
2026-06-02 09:39:56 SLOW GET /api/dashboard/nav-counts -> 200  84999.7ms
2026-06-02 09:39:59 SLOW GET /api/dashboard/nav-counts -> 200  385723.1ms
2026-06-02 09:40:00 SLOW GET /api/jobs -> 200  422659.3ms
2026-06-02 09:40:03 GET /favicon.svg -> 200  2.3ms
2026-06-02 09:40:06 GET /api/notifications/stream -> 200  1.9ms
2026-06-02 09:40:07 SLOW GET /api/dashboard/nav-counts -> 200  323829.8ms
2026-06-02 09:40:08 SLOW GET /api/jobs -> 200  317243.5ms
2026-06-02 09:40:08 SLOW GET /api/jobs/client-summary -> 200  29723.5ms
2026-06-02 09:40:11 SLOW GET /api/dashboard/nav-counts -> 200  315120.8ms
2026-06-02 09:40:12 SLOW GET /api/dashboard/nav-counts -> 200  287416.3ms
2026-06-02 09:40:12 SLOW GET /api/dashboard/nav-counts -> 200  330267.7ms
2026-06-02 09:40:12 SLOW GET /api/dashboard/nav-counts -> 200  243013.2ms
2026-06-02 09:40:13 SLOW GET /api/mails -> 200  612602.2ms
2026-06-02 09:40:13 SLOW GET /favicon.svg -> 200  7416.9ms
2026-06-02 09:40:13 SLOW GET /api/dashboard/nav-counts -> 200  321791.9ms
2026-06-02 09:40:13 SLOW GET /api/dashboard/nav-counts -> 200  321342.9ms
2026-06-02 09:40:13 SLOW GET /api/dashboard/nav-counts -> 200  319835.7ms
2026-06-02 09:40:17 SLOW GET /api/dashboard/nav-counts -> 200  191012.6ms
2026-06-02 09:40:21 GET /login -> 200  2.5ms
2026-06-02 09:40:21 GET /logo.jpg -> 200  2.9ms
2026-06-02 09:40:22 SLOW GET /api/jobs -> 200  146301.9ms
2026-06-02 09:40:22 SLOW GET /api/dashboard/nav-counts -> 200  343532.8ms
2026-06-02 09:40:22 SLOW GET /api/dashboard/nav-counts -> 200  317361.1ms
2026-06-02 09:40:23 SLOW GET /api/dashboard/nav-counts -> 200  409955.0ms
2026-06-02 09:40:24 SLOW GET /api/dashboard/nav-counts -> 200  135517.5ms
2026-06-02 09:40:25 SLOW GET /api/dashboard/nav-counts -> 200  328990.9ms
2026-06-02 09:40:25 SLOW GET /api/dashboard/nav-counts -> 200  49823.7ms
2026-06-02 09:40:26 GET /api/health -> 200  1.2ms
2026-06-02 09:40:27 SLOW GET /api/dashboard/nav-counts -> 200  153279.6ms
2026-06-02 09:40:31 SLOW GET /api/dashboard/nav-counts -> 200  135065.3ms
2026-06-02 09:40:32 SLOW GET /api/dashboard/nav-counts -> 200  53296.1ms
2026-06-02 09:40:34 SLOW GET /api/jobs -> 200  219550.1ms
2026-06-02 09:40:39 GET /api/notifications/stream -> 200  2.1ms
2026-06-02 09:40:39 GET /api/notifications/stream -> 200  1.4ms
2026-06-02 09:40:39 GET /api/notifications/stream -> 200  3.6ms
2026-06-02 09:40:39 GET /api/notifications/stream -> 200  1.8ms
2026-06-02 09:40:39 GET /api/notifications/stream -> 200  1.5ms
2026-06-02 09:40:39 GET /api/notifications/stream -> 200  1.2ms
2026-06-02 09:40:39 GET /api/notifications/stream -> 200  2.1ms
2026-06-02 09:40:39 GET /api/notifications/stream -> 200  2.4ms
2026-06-02 09:40:40 SLOW GET /api/dashboard/nav-counts -> 200  1214.1ms
2026-06-02 09:40:43 SLOW GET /api/dashboard/nav-counts -> 200  334273.3ms
2026-06-02 09:40:43 SLOW GET /api/dashboard/nav-counts -> 200  65843.6ms
2026-06-02 09:40:44 SLOW GET /api/dashboard/nav-counts -> 200  61980.3ms
2026-06-02 09:40:46 SLOW GET /api/dashboard/nav-counts -> 200  211138.9ms
2026-06-02 09:40:47 SLOW GET /api/dashboard/nav-counts -> 200  69415.5ms
2026-06-02 09:40:52 SLOW GET /api/dashboard/nav-counts -> 200  222076.8ms
2026-06-02 09:40:56 GET /api/health -> 200  2.1ms
2026-06-02 09:40:58 SLOW GET /api/dashboard/nav-counts -> 200  20214.2ms
2026-06-02 09:41:00 SLOW GET /api/dashboard/nav-counts -> 200  132813.9ms
2026-06-02 09:41:01 SLOW GET /api/dashboard/nav-counts -> 200  21917.1ms
2026-06-02 09:41:01 SLOW GET /api/dashboard/nav-counts -> 200  18973.6ms
2026-06-02 09:41:01 SLOW GET /api/dashboard/nav-counts -> 200  17765.1ms
2026-06-02 09:41:01 SLOW GET /api/hrbp/notifications -> 200  11286.7ms
2026-06-02 09:41:01 SLOW GET /api/dashboard/nav-counts -> 200  472080.2ms
2026-06-02 09:41:05 SLOW GET /api/dashboard/nav-counts -> 200  301746.6ms
2026-06-02 09:41:06 SLOW GET /api/dashboard/nav-counts -> 200  300347.6ms
2026-06-02 09:41:06 SLOW GET /api/dashboard/nav-counts -> 200  26863.0ms
2026-06-02 09:41:06 SLOW GET /api/dashboard/nav-counts -> 200  12337.1ms
2026-06-02 09:41:06 SLOW GET /jobs -> 200  78942.5ms
2026-06-02 09:41:08 SLOW GET /api/dashboard/nav-counts -> 200  87085.2ms
2026-06-02 09:41:09 SLOW GET /api/dashboard/nav-counts -> 200  151931.9ms
2026-06-02 09:41:10 SLOW GET /api/users/delivery-leads -> 403  61246.8ms
2026-06-02 09:41:13 SLOW GET /api/dashboard/nav-counts -> 200  316105.1ms
2026-06-02 09:41:16 SLOW GET /api/dashboard/nav-counts -> 200  105796.5ms
2026-06-02 09:41:18 SLOW GET /api/dashboard/nav-counts -> 200  387660.7ms
2026-06-02 09:41:20 SLOW GET /api/dashboard/nav-counts -> 200  97101.0ms
2026-06-02 09:41:21 SLOW GET /api/dashboard/nav-counts -> 200  39769.0ms
2026-06-02 09:41:23 GET /login -> 200  2.3ms
2026-06-02 09:41:23 GET /assets/index-BWAoNGZT.js -> 200  1.3ms
2026-06-02 09:41:24 GET /logo.jpg -> 200  1.6ms
2026-06-02 09:41:24 GET /favicon.svg -> 200  1.4ms
2026-06-02 09:41:26 GET /api/health -> 200  1.5ms
2026-06-02 09:41:27 SLOW GET /api/dashboard/nav-counts -> 200  323098.0ms
2026-06-02 09:41:27 SLOW GET /api/dashboard/nav-counts -> 200  193889.0ms
2026-06-02 09:41:28 SLOW GET /api/dashboard/nav-counts -> 200  474781.5ms
2026-06-02 09:41:29 SLOW GET /api/dashboard/nav-counts -> 200  94821.9ms
2026-06-02 09:41:32 SLOW GET /api/dashboard/nav-counts -> 200  359444.8ms
2026-06-02 09:41:34 SLOW GET /api/dashboard/nav-counts -> 200  52981.5ms
2026-06-02 09:41:38 SLOW GET /api/dashboard/nav-counts -> 200  205135.0ms
2026-06-02 09:41:39 SLOW GET /api/dashboard/nav-counts -> 200  134269.4ms
2026-06-02 09:41:41 SLOW GET /api/dashboard/nav-counts -> 200  48698.6ms
2026-06-02 09:41:41 SLOW GET /api/hrbp/notifications -> 200  36255.7ms
2026-06-02 09:41:41 SLOW GET /api/dashboard/nav-counts -> 200  35737.1ms
2026-06-02 09:41:42 SLOW GET /api/dashboard/nav-counts -> 200  389327.8ms
2026-06-02 09:41:42 SLOW GET /api/dashboard/nav-counts -> 200  336534.4ms
2026-06-02 09:41:42 SLOW GET /api/dashboard/nav-counts -> 200  137935.8ms
2026-06-02 09:41:42 SLOW GET /api/dashboard/nav-counts -> 200  334366.4ms
2026-06-02 09:41:43 GET /logo.jpg -> 200  3.6ms
2026-06-02 09:41:43 GET /api/notifications/stream -> 200  4.6ms
2026-06-02 09:41:43 SLOW GET /api/hrbp/notifications -> 200  74467.6ms
2026-06-02 09:41:47 SLOW GET /api/candidates -> 200  123945.0ms
2026-06-02 09:41:47 GET /api/notifications/stream -> 200  2.1ms
2026-06-02 09:41:48 SLOW GET /api/dashboard/nav-counts -> 200  343612.5ms
2026-06-02 09:41:49 SLOW GET /api/dashboard/nav-counts -> 200  69394.3ms
2026-06-02 09:41:52 SLOW GET /api/dashboard/nav-counts -> 200  472004.8ms
2026-06-02 09:41:56 GET /api/health -> 200  1.6ms
2026-06-02 09:41:56 SLOW GET /api/dashboard/nav-counts -> 200  390248.6ms
2026-06-02 09:41:57 SLOW GET /api/dashboard/nav-counts -> 200  88603.3ms
2026-06-02 09:41:58 SLOW GET /api/business-heads -> 200  109395.2ms
2026-06-02 09:41:59 SLOW GET /api/dashboard/nav-counts -> 200  382430.5ms
2026-06-02 09:42:03 SLOW GET /api/dashboard/nav-counts -> 200  58844.0ms
2026-06-02 09:42:03 SLOW GET /api/dashboard/nav-counts -> 200  294990.7ms
2026-06-02 09:42:04 SLOW GET /api/jobs -> 200  511512.8ms
2026-06-02 09:42:04 SLOW GET /api/dashboard/nav-counts -> 200  640282.0ms
2026-06-02 09:42:06 SLOW GET /api/dashboard/nav-counts -> 200  68998.4ms
2026-06-02 09:42:07 SLOW GET /api/dashboard/nav-counts -> 200  502371.4ms
2026-06-02 09:42:07 SLOW GET /api/dashboard/nav-counts -> 200  229777.4ms
2026-06-02 09:42:08 SLOW GET /api/dashboard/nav-counts -> 200  401289.5ms
2026-06-02 09:42:08 SLOW GET /api/dashboard/nav-counts -> 200  391960.1ms
2026-06-02 09:42:09 SLOW GET /api/dashboard/nav-counts -> 200  147978.4ms
2026-06-02 09:42:10 SLOW GET /api/dashboard/nav-counts -> 200  438201.3ms
2026-06-02 09:42:10 SLOW GET /api/dashboard/nav-counts -> 200  393168.8ms
2026-06-02 09:42:12 SLOW GET /api/dashboard/nav-counts -> 200  66110.2ms
2026-06-02 09:42:13 SLOW GET /api/dashboard/nav-counts -> 200  306334.1ms
2026-06-02 09:42:13 SLOW GET /favicon.svg -> 200  154497.2ms
2026-06-02 09:42:16 GET /api/notifications/stream -> 200  2.2ms
2026-06-02 09:42:20 SLOW GET /api/dashboard/nav-counts -> 200  74219.7ms
2026-06-02 09:42:22 SLOW GET /api/dashboard/nav-counts -> 200  158994.5ms
2026-06-02 09:42:22 SLOW GET /api/dashboard/nav-counts -> 200  144771.1ms
2026-06-02 09:42:27 SLOW GET /api/jobs -> 200  464286.5ms
2026-06-02 09:42:27 SLOW POST /api/probing -> 200  444863.8ms
2026-06-02 09:42:27 SLOW GET /api/dashboard/nav-counts -> 200  396115.9ms
2026-06-02 09:42:27 SLOW GET /api/dashboard/nav-counts -> 200  56521.7ms
2026-06-02 09:42:32 SLOW GET /api/dashboard/nav-counts -> 200  388656.8ms
2026-06-02 09:42:33 SLOW GET /api/dashboard/nav-counts -> 200  85772.8ms
2026-06-02 09:42:38 SLOW GET /api/dashboard/nav-counts -> 200  394474.4ms
2026-06-02 09:42:40 SLOW GET /api/dashboard/nav-counts -> 200  131471.6ms
2026-06-02 09:42:42 SLOW GET /api/dashboard/nav-counts -> 200  87381.6ms
2026-06-02 09:42:42 SLOW GET /api/dashboard/nav-counts -> 200  103124.6ms
2026-06-02 09:42:43 SLOW GET /api/mails -> 200  773178.4ms
2026-06-02 09:42:43 SLOW GET /api/dashboard/nav-counts -> 200  405568.3ms
2026-06-02 09:42:44 SLOW GET /api/dashboard/nav-counts -> 200  388399.4ms
2026-06-02 09:42:44 SLOW GET /api/business-heads -> 200  388580.6ms
2026-06-02 09:42:46 SLOW GET /api/dashboard/nav-counts -> 200  181508.3ms
2026-06-02 09:42:46 SLOW GET /api/dashboard/nav-counts -> 200  175325.6ms
2026-06-02 09:42:46 SLOW GET /api/hrbp/notifications -> 200  176800.8ms
2026-06-02 09:42:46 SLOW GET /api/dashboard/nav-counts -> 200  180025.5ms
2026-06-02 09:42:47 SLOW GET /api/dashboard/nav-counts -> 200  179291.4ms
2026-06-02 09:42:47 SLOW GET /api/dashboard/nav-counts -> 200  175860.9ms
2026-06-02 09:42:48 SLOW GET /api/dashboard/nav-counts -> 200  93584.4ms
2026-06-02 09:42:49 SLOW GET /api/dashboard/nav-counts -> 200  460394.8ms
2026-06-02 09:42:49 SLOW GET /api/dashboard/notifications -> 200  398928.7ms
2026-06-02 09:42:49 SLOW GET /api/hrbp/notifications -> 200  404151.6ms
2026-06-02 09:42:49 SLOW GET /api/dashboard/nav-counts -> 200  68483.1ms
2026-06-02 09:42:49 SLOW GET /api/dashboard/nav-counts -> 200  403463.2ms
2026-06-02 09:42:49 SLOW GET /api/dashboard/nav-counts -> 200  65882.0ms
2026-06-02 09:42:51 SLOW GET /api/dashboard/nav-counts -> 200  451361.3ms
2026-06-02 09:42:54 SLOW GET /api/dashboard/nav-counts -> 200  410206.4ms
2026-06-02 09:42:58 SLOW GET /api/dashboard/nav-counts -> 200  505072.4ms
2026-06-02 09:42:58 SLOW GET /api/dashboard/nav-counts -> 200  384324.4ms
2026-06-02 09:43:02 SLOW GET /api/dashboard/nav-counts -> 200  445734.5ms
2026-06-02 09:43:03 SLOW GET /api/jobs -> 200  395833.1ms
2026-06-02 09:43:07 SLOW GET /api/dashboard/nav-counts -> 200  158404.3ms
2026-06-02 09:43:09 SLOW GET /api/dashboard/nav-counts -> 200  420828.6ms
2026-06-02 09:43:09 SLOW GET /api/health -> 200  43018.8ms
2026-06-02 09:43:10 SLOW GET /api/dashboard/nav-counts -> 200  114414.8ms
2026-06-02 09:43:10 SLOW GET /api/dashboard/nav-counts -> 200  82739.7ms
2026-06-02 09:43:10 SLOW GET /api/dashboard/nav-counts -> 200  106378.9ms
2026-06-02 09:43:10 SLOW GET /api/dashboard/nav-counts -> 200  212056.3ms
2026-06-02 09:43:12 SLOW GET /api/dashboard/nav-counts -> 200  416367.6ms
2026-06-02 09:43:13 SLOW GET /api/dashboard/nav-counts -> 200  390487.7ms
2026-06-02 09:43:14 SLOW GET /api/dashboard/nav-counts -> 200  114229.1ms
2026-06-02 09:43:16 SLOW GET /api/dashboard/nav-counts -> 200  397435.6ms
2026-06-02 09:43:17 SLOW GET /api/dashboard/nav-counts -> 200  426406.9ms
2026-06-02 09:43:24 SLOW GET /api/dashboard/nav-counts -> 200  104334.2ms
2026-06-02 09:43:26 SLOW GET /api/dashboard/nav-counts -> 200  420210.0ms
2026-06-02 09:43:26 SLOW GET /api/dashboard/nav-counts -> 200  198032.8ms
2026-06-02 09:43:27 SLOW GET /api/dashboard/nav-counts -> 200  405255.1ms
2026-06-02 09:43:31 SLOW GET /api/dashboard/nav-counts -> 200  138727.9ms
2026-06-02 09:43:32 SLOW GET /api/dashboard/nav-counts -> 200  413311.2ms
2026-06-02 09:43:34 SLOW GET /api/dashboard/nav-counts -> 200  451063.7ms
2026-06-02 09:43:34 SLOW GET /api/dashboard/nav-counts -> 200  400697.2ms
2026-06-02 09:43:34 SLOW GET /api/hrbp/notifications -> 200  409456.7ms
2026-06-02 09:43:35 SLOW GET /api/jobs -> 200  400829.9ms
2026-06-02 09:43:36 SLOW GET /api/dashboard/nav-counts -> 200  145959.1ms
2026-06-02 09:43:37 GET /api/notifications/stream -> 200  2.3ms
2026-06-02 09:43:37 GET /api/notifications/stream -> 200  2.3ms
2026-06-02 09:43:37 SLOW GET /api/dashboard/nav-counts -> 200  381474.9ms
2026-06-02 09:43:43 SLOW GET /api/dashboard/nav-counts -> 200  324467.4ms
2026-06-02 09:43:46 SLOW GET /api/dashboard/nav-counts -> 200  126070.0ms
2026-06-02 09:43:46 SLOW GET /api/dashboard/nav-counts -> 200  78097.2ms
2026-06-02 09:43:47 SLOW GET /api/dashboard/nav-counts -> 200  423535.6ms
2026-06-02 09:43:50 SLOW GET /api/dashboard/nav-counts -> 200  476262.6ms
2026-06-02 09:43:50 SLOW GET /api/dashboard/nav-counts -> 200  475492.5ms
2026-06-02 09:43:51 SLOW GET /api/hrbp/notifications -> 200  421118.9ms
2026-06-02 09:43:51 SLOW GET /api/dashboard/nav-counts -> 200  381808.6ms
2026-06-02 09:43:51 SLOW GET /api/hrbp/notifications -> 200  331827.0ms
2026-06-02 09:43:51 SLOW GET /api/dashboard/nav-counts -> 200  298070.8ms
2026-06-02 09:43:56 SLOW GET /api/dashboard/nav-counts -> 200  93417.5ms
2026-06-02 09:43:57 SLOW GET /api/dashboard/nav-counts -> 200  346661.0ms
2026-06-02 09:44:00 SLOW GET /api/dashboard/nav-counts -> 200  402423.1ms
2026-06-02 09:44:03 SLOW GET /api/dashboard/nav-counts -> 200  413031.3ms
2026-06-02 09:44:04 SLOW GET /api/dashboard/nav-counts -> 200  380963.8ms
2026-06-02 09:44:04 SLOW GET /api/dashboard/nav-counts -> 200  459028.5ms
2026-06-02 09:44:06 SLOW GET /api/dashboard/nav-counts -> 200  481976.3ms
2026-06-02 09:44:07 SLOW GET /api/dashboard/nav-counts -> 200  251960.6ms
2026-06-02 09:44:07 SLOW GET /api/dashboard/nav-counts -> 200  476534.9ms
2026-06-02 09:44:09 SLOW GET /api/dashboard/nav-counts -> 200  350095.4ms
2026-06-02 09:44:10 SLOW GET /api/dashboard/nav-counts -> 200  477645.0ms
2026-06-02 09:44:12 SLOW GET /api/jobs -> 200  148518.9ms
2026-06-02 09:44:15 SLOW GET /api/dashboard/nav-counts -> 200  459576.8ms
2026-06-02 09:44:16 SLOW GET /api/jobs -> 200  251319.7ms
2026-06-02 09:44:17 SLOW GET /api/dashboard/nav-counts -> 200  330598.3ms
2026-06-02 09:44:17 SLOW GET /api/dashboard/nav-counts -> 200  482669.5ms
2026-06-02 09:44:21 SLOW GET /api/dashboard/nav-counts -> 200  100572.9ms
2026-06-02 09:44:21 SLOW GET /api/dashboard/nav-counts -> 200  314894.2ms
2026-06-02 09:44:24 SLOW GET /api/dashboard/nav-counts -> 200  468696.9ms
2026-06-02 09:44:24 SLOW GET /api/dashboard/nav-counts -> 200  452745.3ms
2026-06-02 09:44:25 SLOW GET /api/dashboard/nav-counts -> 200  460413.8ms
2026-06-02 09:44:25 SLOW GET /api/dashboard/nav-counts -> 200  358840.1ms
2026-06-02 09:44:25 SLOW GET /api/dashboard/nav-counts -> 200  357247.9ms
2026-06-02 09:44:26 SLOW GET /api/dashboard/nav-counts -> 200  308805.5ms
2026-06-02 09:44:29 SLOW GET /api/dashboard/nav-counts -> 200  352456.0ms
2026-06-02 09:44:30 SLOW GET /api/dashboard/nav-counts -> 200  407192.8ms
2026-06-02 09:44:31 SLOW GET /api/dashboard/nav-counts -> 200  154188.0ms
2026-06-02 09:44:34 SLOW GET /api/dashboard/nav-counts -> 200  396465.3ms
2026-06-02 09:44:39 SLOW GET /api/dashboard/nav-counts -> 200  379585.0ms
2026-06-02 09:44:41 SLOW GET /api/dashboard/nav-counts -> 200  316598.5ms
2026-06-02 09:44:43 SLOW GET /api/dashboard/nav-counts -> 200  94648.9ms
2026-06-02 09:44:43 SLOW GET /api/dashboard/nav-counts -> 200  79195.0ms
2026-06-02 09:44:43 SLOW GET /api/dashboard/nav-counts -> 200  76721.4ms
2026-06-02 09:44:45 SLOW GET /api/dashboard/nav-counts -> 200  215430.4ms
2026-06-02 09:44:46 SLOW GET /api/dashboard/nav-counts -> 200  321110.5ms
2026-06-02 09:44:46 SLOW GET /api/dashboard/nav-counts -> 200  321194.5ms
2026-06-02 09:44:46 SLOW GET /api/hrbp/notifications -> 200  321257.4ms
2026-06-02 09:44:49 SLOW GET /api/dashboard/nav-counts -> 200  324572.6ms
2026-06-02 09:44:49 SLOW GET /api/dashboard/notifications -> 200  310720.2ms
2026-06-02 09:44:54 SLOW GET /api/dashboard/nav-counts -> 200  477002.1ms
2026-06-02 09:44:54 SLOW GET /api/dashboard/nav-counts -> 200  329880.6ms
2026-06-02 09:44:56 SLOW GET /api/dashboard/nav-counts -> 200  331969.6ms
2026-06-02 09:44:57 SLOW GET /api/dashboard/nav-counts -> 200  332218.3ms
2026-06-02 09:44:57 SLOW GET /api/dashboard/nav-counts -> 200  268277.7ms
2026-06-02 09:44:58 SLOW GET /api/dashboard/nav-counts -> 200  447738.8ms
2026-06-02 09:44:59 SLOW GET /api/dashboard/nav-counts -> 200  436014.4ms
2026-06-02 09:45:02 SLOW GET /api/dashboard/nav-counts -> 200  76306.4ms
2026-06-02 09:45:12 SLOW GET /api/dashboard/nav-counts -> 200  448964.3ms
2026-06-02 09:45:13 SLOW GET /api/dashboard/nav-counts -> 200  348149.0ms
2026-06-02 09:45:14 SLOW GET /api/jobs -> 200  144614.0ms
2026-06-02 09:45:14 SLOW GET /api/dashboard/nav-counts -> 200  288177.4ms
2026-06-02 09:45:17 SLOW GET /api/dashboard/nav-counts -> 200  416915.7ms
2026-06-02 09:45:18 SLOW GET /api/dashboard/nav-counts -> 200  342648.1ms
2026-06-02 09:45:19 SLOW GET /api/dashboard/nav-counts -> 200  149364.8ms
2026-06-02 09:45:19 SLOW GET /api/dashboard/nav-counts -> 200  354949.1ms
2026-06-02 09:45:21 SLOW GET /api/dashboard/nav-counts -> 200  356172.9ms
2026-06-02 09:45:21 SLOW GET /api/hrbp/notifications -> 200  616083.4ms
2026-06-02 09:45:21 GET /api/health -> 200  1.1ms
2026-06-02 09:45:21 SLOW GET /api/dashboard/nav-counts -> 200  292879.9ms
2026-06-02 09:45:22 SLOW GET /api/dashboard/nav-counts -> 200  193424.3ms
2026-06-02 09:45:22 SLOW GET /api/jobs/client-summary -> 200  183974.4ms
2026-06-02 09:45:23 SLOW GET /api/dashboard/nav-counts -> 200  314191.6ms
2026-06-02 09:45:23 SLOW GET /api/dashboard/nav-counts -> 200  460309.5ms
2026-06-02 09:45:23 SLOW GET /api/dashboard/nav-counts -> 200  415094.4ms
2026-06-02 09:45:23 SLOW GET /api/jobs/client-summary -> 200  383851.1ms
2026-06-02 09:45:24 SLOW GET /api/dashboard/nav-counts -> 200  518225.2ms
2026-06-02 09:45:32 SLOW GET /api/dashboard/nav-counts -> 200  508384.5ms
2026-06-02 09:45:32 SLOW GET /api/dashboard/nav-counts -> 200  94951.1ms
2026-06-02 09:45:38 SLOW GET /api/dashboard/nav-counts -> 200  146079.6ms
2026-06-02 09:45:38 SLOW GET /api/dashboard/nav-counts -> 200  419230.4ms
2026-06-02 09:45:38 SLOW GET /api/dashboard/nav-counts -> 200  55406.8ms
2026-06-02 09:45:39 SLOW GET /api/dashboard/nav-counts -> 200  312428.5ms
2026-06-02 09:45:39 GET /favicon.svg -> 200  1.7ms
2026-06-02 09:45:39 GET /logo.jpg -> 200  1.6ms
2026-06-02 09:45:39 GET /api/notifications/stream -> 200  2.0ms
2026-06-02 09:45:42 SLOW GET /api/dashboard/nav-counts -> 200  528625.0ms
2026-06-02 09:45:42 SLOW GET /api/dashboard/nav-counts -> 200  494480.5ms
2026-06-02 09:45:44 SLOW GET /api/dashboard/nav-counts -> 200  457313.7ms
2026-06-02 09:45:44 SLOW GET /api/dashboard/nav-counts -> 200  226500.4ms
2026-06-02 09:45:45 SLOW GET /api/dashboard/nav-counts -> 200  222662.2ms
2026-06-02 09:45:46 SLOW GET /api/dashboard/nav-counts -> 200  187766.5ms
2026-06-02 09:45:46 SLOW GET /api/dashboard/nav-counts -> 200  332020.8ms
2026-06-02 09:45:48 SLOW GET /api/dashboard/nav-counts -> 200  334502.0ms
2026-06-02 09:45:51 SLOW GET /api/dashboard/nav-counts -> 200  123098.2ms
2026-06-02 09:45:55 SLOW GET /api/dashboard/nav-counts -> 200  341257.5ms
2026-06-02 09:45:55 SLOW GET /api/jobs/client-summary -> 200  585022.6ms
2026-06-02 09:45:57 SLOW GET /api/dashboard/nav-counts -> 200  451033.6ms
2026-06-02 09:46:05 SLOW GET /api/dashboard/nav-counts -> 200  502061.1ms
2026-06-02 09:46:05 SLOW GET /api/dashboard/nav-counts -> 200  86816.9ms
2026-06-02 09:46:07 SLOW GET /api/dashboard/nav-counts -> 200  338803.9ms
2026-06-02 09:46:14 SLOW GET /api/dashboard/nav-counts -> 200  190007.6ms
2026-06-02 09:46:14 SLOW GET /api/dashboard/nav-counts -> 200  797472.9ms
2026-06-02 09:46:14 SLOW GET /api/dashboard/nav-counts -> 200  730056.8ms
2026-06-02 09:46:14 SLOW GET /api/hrbp/notifications -> 200  429339.8ms
2026-06-02 09:46:14 SLOW GET /api/dashboard/nav-counts -> 200  540872.6ms
2026-06-02 09:46:14 SLOW GET /api/dashboard/nav-counts -> 200  409783.6ms
2026-06-02 09:46:15 SLOW GET /api/dashboard/nav-counts -> 200  708289.5ms
2026-06-02 09:46:15 SLOW GET /api/dashboard/nav-counts -> 200  693067.9ms
2026-06-02 09:46:16 SLOW GET /api/dashboard/nav-counts -> 200  503114.3ms
2026-06-02 09:46:18 SLOW GET /api/dashboard/nav-counts -> 200  334877.9ms
2026-06-02 09:46:18 SLOW GET /api/dashboard/nav-counts -> 200  126325.8ms
2026-06-02 09:46:19 SLOW GET /api/dashboard/nav-counts -> 200  472347.6ms
2026-06-02 09:46:19 SLOW GET /api/dashboard/nav-counts -> 200  194780.6ms
2026-06-02 09:46:19 SLOW POST /api/auth/login -> 401  460005.7ms
2026-06-02 09:46:19 SLOW GET /api/health -> 200  128115.9ms
2026-06-02 09:46:22 SLOW GET /api/dashboard/nav-counts -> 200  121511.7ms
2026-06-02 09:46:23 SLOW GET /api/dashboard/nav-counts -> 200  303725.9ms
2026-06-02 09:46:23 SLOW GET /api/hrbp/notifications -> 200  213221.1ms
2026-06-02 09:46:23 SLOW GET /api/dashboard/nav-counts -> 200  209467.6ms
2026-06-02 09:46:23 SLOW GET /api/dashboard/nav-counts -> 200  212180.2ms
2026-06-02 09:46:25 SLOW GET /api/dashboard/nav-counts -> 200  48014.1ms
2026-06-02 09:46:25 SLOW GET /api/dashboard/nav-counts -> 200  293168.9ms
2026-06-02 09:46:26 SLOW GET /api/dashboard/nav-counts -> 200  443164.5ms
2026-06-02 09:46:26 SLOW GET /api/dashboard/nav-counts -> 200  615916.6ms
2026-06-02 09:46:26 SLOW GET /api/dashboard/nav-counts -> 200  171170.3ms
2026-06-02 09:46:26 SLOW GET /api/dashboard/nav-counts -> 200  562341.0ms
2026-06-02 09:46:31 SLOW GET /api/dashboard/nav-counts -> 200  552649.2ms
2026-06-02 09:46:31 SLOW GET /api/dashboard/nav-counts -> 200  542149.3ms
2026-06-02 09:46:34 SLOW GET /api/dashboard/nav-counts -> 200  367880.8ms
2026-06-02 09:46:34 SLOW GET /api/health -> 200  7810.7ms
2026-06-02 09:46:36 SLOW GET /api/dashboard/nav-counts -> 200  112448.2ms
2026-06-02 09:46:40 SLOW GET /api/dashboard/nav-counts -> 200  85814.3ms
2026-06-02 09:46:44 SLOW GET /api/dashboard/nav-counts -> 200  557250.0ms
2026-06-02 09:46:44 SLOW GET /api/dashboard/nav-counts -> 200  101618.9ms
2026-06-02 09:46:53 SLOW GET /api/dashboard/nav-counts -> 200  93057.9ms
2026-06-02 09:46:54 SLOW GET /api/dashboard/nav-counts -> 200  767211.2ms
2026-06-02 09:46:56 SLOW GET /api/dashboard/nav-counts -> 200  561412.7ms
2026-06-02 09:46:58 SLOW GET /api/dashboard/nav-counts -> 200  473709.9ms
2026-06-02 09:47:02 SLOW GET /api/dashboard/nav-counts -> 200  443180.0ms
2026-06-02 09:47:02 SLOW GET /api/dashboard/nav-counts -> 200  318729.7ms
2026-06-02 09:47:02 GET /api/health -> 200  1.8ms
2026-06-02 09:47:05 SLOW GET /api/dashboard/nav-counts -> 200  190851.3ms
2026-06-02 09:47:09 SLOW GET /api/jobs -> 200  450142.2ms
2026-06-02 09:47:09 SLOW GET /api/dashboard/nav-counts -> 200  237563.0ms
2026-06-02 09:47:09 SLOW GET /api/dashboard/nav-counts -> 200  235751.8ms
2026-06-02 09:47:09 SLOW GET /api/dashboard/nav-counts -> 200  519803.6ms
2026-06-02 09:47:09 SLOW GET /api/dashboard/nav-counts -> 200  184015.1ms
2026-06-02 09:47:11 SLOW GET /api/dashboard/nav-counts -> 200  92824.1ms
2026-06-02 09:47:11 SLOW GET /api/dashboard/nav-counts -> 200  213880.7ms
2026-06-02 09:47:15 SLOW GET /api/dashboard/nav-counts -> 200  96632.7ms
2026-06-02 09:47:17 SLOW GET /api/dashboard/nav-counts -> 200  584713.3ms
2026-06-02 09:47:18 SLOW GET /api/dashboard/nav-counts -> 200  200668.4ms
2026-06-02 09:47:18 SLOW GET /api/dashboard/nav-counts -> 200  440915.8ms
2026-06-02 09:47:24 SLOW GET /api/dashboard/nav-counts -> 200  586608.7ms
2026-06-02 09:47:24 SLOW GET /api/dashboard/nav-counts -> 200  415747.0ms
2026-06-02 09:47:25 SLOW GET /api/dashboard/nav-counts -> 200  59314.9ms
2026-06-02 09:47:25 SLOW GET /api/dashboard/nav-counts -> 200  161532.5ms
2026-06-02 09:47:26 SLOW GET /api/dashboard/nav-counts -> 200  32212.8ms
2026-06-02 09:47:26 GET /favicon.svg -> 200  3.4ms
2026-06-02 09:47:28 SLOW GET /api/dashboard/nav-counts -> 200  585929.9ms
2026-06-02 09:47:29 SLOW POST /api/probing -> 200  581973.7ms
2026-06-02 09:47:29 SLOW GET /api/dashboard/nav-counts -> 200  586590.8ms
2026-06-02 09:47:34 SLOW GET /api/dashboard/nav-counts -> 200  88146.1ms
2026-06-02 09:47:37 SLOW GET /api/dashboard/nav-counts -> 200  77108.6ms
2026-06-02 09:47:37 SLOW GET /api/dashboard/nav-counts -> 200  240082.1ms
2026-06-02 09:47:37 SLOW GET /api/dashboard/nav-counts -> 200  10884.8ms
2026-06-02 09:47:37 GET /jobs -> 200  1.5ms
2026-06-02 09:47:38 GET /favicon.svg -> 200  5.7ms
2026-06-02 09:47:38 GET /api/notifications/stream -> 200  3.4ms
2026-06-02 09:47:38 SLOW GET /api/dashboard/nav-counts -> 200  434625.1ms
2026-06-02 09:47:38 SLOW GET /api/dashboard/nav-counts -> 200  369867.3ms
2026-06-02 09:47:38 GET /favicon.svg -> 200  1.5ms
2026-06-02 09:47:42 GET /api/notifications/stream -> 200  3.3ms
2026-06-02 09:47:42 SLOW GET /api/jobs -> 200  349381.7ms
2026-06-02 09:47:43 SLOW GET /api/dashboard/nav-counts -> 200  205840.2ms
2026-06-02 09:47:43 SLOW GET /api/dashboard/nav-counts -> 200  459390.7ms
2026-06-02 09:47:46 SLOW GET /api/dashboard/nav-counts -> 200  223490.5ms
2026-06-02 09:47:46 SLOW GET /api/dashboard/nav-counts -> 200  220157.8ms
2026-06-02 09:47:47 SLOW GET /api/hrbp/notifications -> 200  180795.7ms
2026-06-02 09:47:47 GET /jobs -> 200  1.8ms
2026-06-02 09:47:47 GET /assets/index-BWAoNGZT.js -> 200  1.1ms
2026-06-02 09:47:48 GET /favicon.svg -> 200  1.6ms
2026-06-02 09:47:48 GET /logo.jpg -> 200  1.2ms
2026-06-02 09:47:48 GET /api/notifications/stream -> 200  1.8ms
2026-06-02 09:47:49 SLOW GET /api/dashboard/nav-counts -> 200  73678.2ms
2026-06-02 09:47:50 SLOW GET /api/dashboard/nav-counts -> 200  207431.1ms
2026-06-02 09:47:50 SLOW GET /api/dashboard/nav-counts -> 200  179520.4ms
2026-06-02 09:47:53 SLOW GET /api/dashboard/nav-counts -> 200  444779.9ms
2026-06-02 09:47:53 GET /jobs -> 200  1.7ms
2026-06-02 09:47:53 SLOW GET /api/dashboard/nav-counts -> 200  720079.7ms
2026-06-02 09:47:54 GET /favicon.svg -> 200  3.9ms
2026-06-02 09:47:54 GET /logo.jpg -> 200  1.3ms
2026-06-02 09:47:54 GET /api/notifications/stream -> 200  1.7ms
2026-06-02 09:47:54 SLOW GET /api/dashboard/nav-counts -> 200  229673.2ms
2026-06-02 09:47:54 SLOW GET /api/dashboard/nav-counts -> 200  204816.4ms
2026-06-02 09:47:55 SLOW GET /api/dashboard/nav-counts -> 200  224902.1ms
2026-06-02 09:47:55 SLOW GET /api/dashboard/nav-counts -> 200  209816.4ms
2026-06-02 09:47:55 GET /jobs -> 200  2.3ms
2026-06-02 09:47:55 GET /favicon.svg -> 200  1.5ms
2026-06-02 09:47:55 GET /logo.jpg -> 200  1.4ms
2026-06-02 09:47:55 GET /api/notifications/stream -> 200  1.2ms
2026-06-02 09:47:56 SLOW GET /api/dashboard/nav-counts -> 200  89710.5ms
2026-06-02 09:47:56 SLOW GET /api/dashboard/nav-counts -> 200  42859.9ms
2026-06-02 09:47:56 SLOW GET /api/dashboard/nav-counts -> 200  122786.9ms
2026-06-02 09:47:56 SLOW GET /api/dashboard/nav-counts -> 200  19704.4ms
2026-06-02 09:47:57 GET /jobs -> 200  1.5ms
2026-06-02 09:47:57 GET /favicon.svg -> 200  3.6ms
2026-06-02 09:47:57 GET /logo.jpg -> 200  5.5ms
2026-06-02 09:47:57 GET /api/notifications/stream -> 200  1.2ms
2026-06-02 09:47:57 SLOW GET /api/dashboard/nav-counts -> 200  210683.3ms
2026-06-02 09:47:57 SLOW GET /api/dashboard/nav-counts -> 200  181455.7ms
2026-06-02 09:48:04 SLOW GET /api/dashboard/nav-counts -> 200  598740.4ms
2026-06-02 09:48:05 SLOW GET /api/dashboard/nav-counts -> 200  580656.6ms
2026-06-02 09:48:05 SLOW GET /api/hrbp/notifications -> 200  599977.9ms
2026-06-02 09:48:05 SLOW GET /api/dashboard/nav-counts -> 200  563087.5ms
2026-06-02 09:48:06 GET /api/notifications/stream -> 200  2.3ms
2026-06-02 09:48:07 SLOW GET /api/dashboard/nav-counts -> 200  220694.3ms
2026-06-02 09:48:09 SLOW GET /api/dashboard/nav-counts -> 200  425984.5ms
2026-06-02 09:48:13 SLOW GET /api/dashboard/nav-counts -> 200  608201.0ms
2026-06-02 09:48:13 SLOW GET /jobs -> 200  43252.6ms
2026-06-02 09:48:20 SLOW GET /api/dashboard/nav-counts -> 200  63160.1ms
2026-06-02 09:48:21 SLOW GET /api/dashboard/nav-counts -> 200  376594.9ms
2026-06-02 09:48:28 SLOW GET /api/jobs -> 200  56180.1ms
2026-06-02 09:48:28 SLOW GET /api/dashboard/nav-counts -> 200  226972.9ms
2026-06-02 09:48:28 SLOW GET /api/dashboard/nav-counts -> 200  52635.2ms
2026-06-02 09:48:29 SLOW GET /api/dashboard/nav-counts -> 200  221449.4ms
2026-06-02 09:48:29 SLOW GET /api/dashboard/nav-counts -> 200  108029.8ms
2026-06-02 09:48:29 SLOW GET /api/dashboard/nav-counts -> 200  243352.5ms
2026-06-02 09:48:30 SLOW GET /api/mails -> 200  787116.3ms
2026-06-02 09:48:30 SLOW GET /api/hrbp/notifications -> 200  189986.4ms
2026-06-02 09:48:30 SLOW GET /api/dashboard/nav-counts -> 200  195033.4ms
2026-06-02 09:48:30 SLOW GET /api/clients -> 200  501556.1ms
2026-06-02 09:48:30 SLOW GET /api/dashboard/nav-counts -> 200  188789.9ms
2026-06-02 09:48:32 SLOW GET /api/dashboard/nav-counts -> 200  387651.1ms
2026-06-02 09:48:40 SLOW GET /api/dashboard/nav-counts -> 200  391331.3ms
2026-06-02 09:48:40 SLOW GET /api/dashboard/nav-counts -> 200  249574.4ms
2026-06-02 09:48:41 SLOW GET /api/dashboard/nav-counts -> 200  194523.4ms
2026-06-02 09:48:43 SLOW GET /api/dashboard/nav-counts -> 200  118250.1ms
2026-06-02 09:48:43 SLOW GET /api/jobs/client-summary -> 200  65103.9ms
2026-06-02 09:48:43 SLOW GET /api/dashboard/nav-counts -> 200  225886.3ms
2026-06-02 09:48:43 SLOW GET /api/dashboard/nav-counts -> 200  245055.9ms
2026-06-02 09:48:44 SLOW GET /api/jobs/client-summary -> 200  184355.0ms
2026-06-02 09:48:45 GET /api/notifications/stream -> 200  1.3ms
2026-06-02 09:48:46 SLOW GET /api/dashboard/nav-counts -> 200  217341.9ms
2026-06-02 09:48:46 SLOW GET /api/dashboard/nav-counts -> 200  182514.8ms
2026-06-02 09:48:46 GET /login -> 200  1.5ms
2026-06-02 09:48:46 GET /logo.jpg -> 200  1.5ms
2026-06-02 09:48:46 GET /favicon.svg -> 200  1.3ms
2026-06-02 09:48:51 SLOW GET /api/dashboard/nav-counts -> 200  229994.8ms
2026-06-02 09:48:51 SLOW GET /api/hrbp/notifications -> 200  181440.2ms
2026-06-02 09:48:52 SLOW GET /api/dashboard/nav-counts -> 200  385498.4ms
2026-06-02 09:48:53 GET /jobs -> 200  1.8ms
2026-06-02 09:48:53 GET /assets/index-BWAoNGZT.js -> 200  1.3ms
2026-06-02 09:48:53 GET /logo.jpg -> 200  1.5ms
2026-06-02 09:48:53 GET /favicon.svg -> 200  5.1ms
2026-06-02 09:48:53 GET /api/notifications/stream -> 200  0.8ms
2026-06-02 09:48:53 SLOW GET /api/dashboard/nav-counts -> 200  596056.1ms
2026-06-02 09:48:56 SLOW GET /api/dashboard/nav-counts -> 200  239052.2ms
2026-06-02 09:48:59 SLOW GET /api/dashboard/nav-counts -> 200  586192.6ms
2026-06-02 09:49:00 SLOW GET /api/dashboard/nav-counts -> 200  574018.6ms
2026-06-02 09:49:01 SLOW GET /api/dashboard/nav-counts -> 200  83419.4ms
2026-06-02 09:49:05 SLOW GET /api/dashboard/nav-counts -> 200  396598.3ms
2026-06-02 09:49:05 SLOW GET /api/dashboard/nav-counts -> 200  88146.5ms
2026-06-02 09:49:06 SLOW GET /api/dashboard/nav-counts -> 200  100891.1ms
2026-06-02 09:49:07 SLOW GET /api/jobs/client-summary -> 200  70018.9ms
2026-06-02 09:49:14 SLOW GET /api/dashboard/nav-counts -> 200  235214.0ms
2026-06-02 09:49:14 SLOW GET /api/dashboard/nav-counts -> 200  232598.0ms
2026-06-02 09:49:18 SLOW GET /api/dashboard/nav-counts -> 200  395177.0ms
2026-06-02 09:49:18 SLOW GET /api/dashboard/nav-counts -> 200  327709.5ms
2026-06-02 09:49:19 SLOW GET /api/dashboard/nav-counts -> 200  236966.9ms
2026-06-02 09:49:20 SLOW GET /api/dashboard/nav-counts -> 200  113993.9ms
2026-06-02 09:49:23 SLOW GET /api/dashboard/nav-counts -> 200  550814.9ms
2026-06-02 09:49:23 SLOW GET /api/dashboard/nav-counts -> 200  206248.7ms
2026-06-02 09:49:26 SLOW GET /api/dashboard/nav-counts -> 200  221859.3ms
2026-06-02 09:49:27 SLOW GET /api/dashboard/nav-counts -> 200  227531.5ms
2026-06-02 09:49:29 SLOW GET /api/dashboard/nav-counts -> 200  221511.9ms
2026-06-02 09:49:29 SLOW GET /api/dashboard/nav-counts -> 200  405674.3ms
2026-06-02 09:49:29 SLOW GET /api/jobs -> 200  230214.9ms
2026-06-02 09:49:29 SLOW GET /api/dashboard/nav-counts -> 200  405301.0ms
2026-06-02 09:49:30 SLOW GET /api/dashboard/nav-counts -> 200  313030.3ms
2026-06-02 09:49:31 SLOW GET /api/jobs -> 200  112987.6ms
2026-06-02 09:49:33 SLOW GET /api/jobs -> 200  96509.4ms
2026-06-02 09:49:33 SLOW GET /api/dashboard/nav-counts -> 200  216646.4ms
2026-06-02 09:49:38 SLOW GET /api/dashboard/nav-counts -> 200  398851.4ms
2026-06-02 09:49:40 SLOW GET /api/dashboard/nav-counts -> 200  602166.2ms
2026-06-02 09:49:41 SLOW GET /api/dashboard/nav-counts -> 200  415673.2ms
2026-06-02 09:49:41 SLOW GET /api/dashboard/nav-counts -> 200  614628.9ms
2026-06-02 09:49:45 SLOW GET /api/dashboard/nav-counts -> 200  238489.7ms
2026-06-02 09:49:47 SLOW GET /api/dashboard/nav-counts -> 200  608662.9ms
2026-06-02 09:49:47 SLOW GET /api/dashboard/nav-counts -> 200  558860.0ms
2026-06-02 09:49:47 SLOW GET /api/mails -> 200  891578.6ms
2026-06-02 09:49:51 SLOW GET /api/dashboard/nav-counts -> 200  114487.2ms
2026-06-02 09:49:52 SLOW GET /api/jobs/client-summary -> 200  82183.5ms
2026-06-02 09:49:55 SLOW GET /api/dashboard/nav-counts -> 200  108858.0ms
2026-06-02 09:50:01 SLOW GET /api/dashboard/nav-counts -> 200  766454.0ms
2026-06-02 09:50:01 SLOW GET /api/dashboard/nav-counts -> 200  250862.0ms
2026-06-02 09:50:06 SLOW GET /api/dashboard/nav-counts -> 200  738646.2ms
2026-06-02 09:50:07 SLOW GET /api/jobs -> 200  97887.6ms
2026-06-02 09:50:07 SLOW GET /api/dashboard/notifications -> 200  74384.0ms
2026-06-02 09:50:08 SLOW GET /api/dashboard/nav-counts -> 200  477560.9ms
2026-06-02 09:50:08 SLOW GET /api/dashboard/nav-counts -> 200  221558.9ms
2026-06-02 09:50:08 SLOW GET /api/dashboard/nav-counts -> 200  211455.2ms
2026-06-02 09:50:10 SLOW GET /api/dashboard/nav-counts -> 200  230604.0ms
2026-06-02 09:50:11 SLOW GET /api/dashboard/nav-counts -> 200  366281.1ms
2026-06-02 09:50:13 SLOW GET /api/dashboard/nav-counts -> 200  226757.7ms
2026-06-02 09:50:13 SLOW GET /api/dashboard/nav-counts -> 200  244694.8ms
2026-06-02 09:50:14 SLOW GET /api/dashboard/nav-counts -> 200  314493.1ms
2026-06-02 09:50:14 SLOW GET /api/dashboard/nav-counts -> 200  248580.4ms
2026-06-02 09:50:14 SLOW GET /api/validation/queue -> 200  127947.1ms
2026-06-02 09:50:17 SLOW GET /api/candidates -> 200  484064.3ms
2026-06-02 09:50:18 SLOW GET /api/dashboard/nav-counts -> 200  305460.8ms
2026-06-02 09:50:18 SLOW GET /api/dashboard/nav-counts -> 200  243287.8ms
2026-06-02 09:50:18 SLOW GET /api/dashboard/nav-counts -> 200  317313.6ms
2026-06-02 09:50:21 SLOW GET /api/dashboard/nav-counts -> 200  120549.0ms
2026-06-02 09:50:23 SLOW GET /api/dashboard/nav-counts -> 200  636995.8ms
2026-06-02 09:50:25 SLOW GET /api/dashboard/nav-counts -> 200  239003.7ms
2026-06-02 09:50:25 SLOW GET /api/dashboard/notifications -> 200  150025.8ms
2026-06-02 09:50:27 SLOW GET /api/dashboard/nav-counts -> 200  598614.0ms
2026-06-02 09:50:29 SLOW GET /api/dashboard/nav-counts -> 200  600042.5ms
2026-06-02 09:50:29 SLOW GET /api/dashboard/nav-counts -> 200  215323.3ms
2026-06-02 09:50:29 SLOW GET /api/hrbp/notifications -> 200  162674.9ms
2026-06-02 09:50:36 SLOW GET /api/dashboard/nav-counts -> 200  113327.1ms
2026-06-02 09:50:37 SLOW GET /api/dashboard/nav-counts -> 200  311279.6ms
2026-06-02 09:50:38 SLOW GET /api/jobs/client-summary -> 200  218728.0ms
2026-06-02 09:50:41 SLOW GET /api/dashboard/nav-counts -> 200  117800.0ms
2026-06-02 09:50:41 SLOW GET /api/dashboard/notifications -> 200  167378.5ms
2026-06-02 09:50:42 SLOW GET /api/dashboard/nav-counts -> 200  219870.2ms
2026-06-02 09:50:43 SLOW GET /api/dashboard/nav-counts -> 200  317027.6ms
2026-06-02 09:50:43 SLOW GET /api/dashboard/nav-counts -> 200  199012.1ms
2026-06-02 09:50:44 SLOW POST /api/auth/login -> 200  611221.4ms
2026-06-02 09:50:46 SLOW GET /api/dashboard/nav-counts -> 200  220587.4ms
2026-06-02 09:50:46 SLOW GET /api/jobs/client-summary -> 200  178119.6ms
2026-06-02 09:50:46 SLOW GET /api/dashboard/nav-counts -> 200  175369.8ms
2026-06-02 09:50:47 SLOW GET /api/dashboard/nav-counts -> 200  272966.7ms
2026-06-02 09:50:49 SLOW GET /api/dashboard/nav-counts -> 200  103199.6ms
2026-06-02 09:50:50 SLOW GET /api/dashboard/nav-counts -> 200  232954.5ms
2026-06-02 09:50:50 SLOW GET /api/dashboard/notifications -> 200  173634.5ms
2026-06-02 09:50:50 SLOW GET /api/business-heads -> 200  164098.5ms
2026-06-02 09:50:56 SLOW GET /api/dashboard/nav-counts -> 200  279366.4ms
2026-06-02 09:50:57 SLOW GET /api/dashboard/nav-counts -> 200  193786.7ms
2026-06-02 09:50:57 SLOW GET /api/dashboard/nav-counts -> 200  147406.6ms
2026-06-02 09:50:57 SLOW GET /api/dashboard/nav-counts -> 200  146631.8ms
2026-06-02 09:50:57 SLOW GET /api/dashboard/nav-counts -> 200  60173.0ms
2026-06-02 09:50:57 SLOW GET /api/dashboard/nav-counts -> 200  217902.8ms
2026-06-02 09:50:58 SLOW GET /api/dashboard/nav-counts -> 200  229119.8ms
2026-06-02 09:50:59 SLOW GET /api/jobs/client-summary -> 200  183349.0ms
2026-06-02 09:51:00 SLOW GET /api/dashboard/nav-counts -> 200  227713.3ms
2026-06-02 09:51:00 SLOW GET /api/jobs/client-summary -> 200  182095.1ms
2026-06-02 09:51:02 SLOW GET /api/dashboard/nav-counts -> 200  276334.4ms
2026-06-02 09:51:04 SLOW GET /api/dashboard/nav-counts -> 200  197821.6ms
2026-06-02 09:51:07 SLOW GET /api/dashboard/nav-counts -> 200  55074.9ms
2026-06-02 09:51:09 SLOW GET /api/dashboard/nav-counts -> 200  603156.2ms
2026-06-02 09:51:11 SLOW GET /api/dashboard/nav-counts -> 200  195762.1ms
2026-06-02 09:51:11 SLOW GET /api/dashboard/nav-counts -> 200  153024.8ms
2026-06-02 09:51:12 SLOW GET /api/dashboard/nav-counts -> 200  148431.5ms
2026-06-02 09:51:12 SLOW GET /api/dashboard/nav-counts -> 200  604170.3ms
2026-06-02 09:51:14 SLOW GET /api/dashboard/nav-counts -> 200  216354.0ms
2026-06-02 09:51:14 SLOW GET /api/dashboard/nav-counts -> 200  200984.1ms
2026-06-02 09:51:15 SLOW GET /api/jobs -> 200  208827.8ms
2026-06-02 09:51:15 SLOW GET /api/dashboard/nav-counts -> 200  96505.1ms
2026-06-02 09:51:15 SLOW GET /api/dashboard/nav-counts -> 200  81445.6ms
2026-06-02 09:51:15 SLOW GET /api/dashboard/nav-counts -> 200  38356.9ms
2026-06-02 09:51:19 SLOW GET /api/jobs -> 200  211267.4ms
2026-06-02 09:51:22 SLOW GET /api/candidates -> 200  224049.5ms
2026-06-02 09:51:22 GET /api/notifications/stream -> 200  1.0ms
2026-06-02 09:51:22 SLOW GET /api/clients -> 200  196095.2ms
2026-06-02 09:51:25 SLOW GET /api/dashboard/nav-counts -> 200  142126.4ms
2026-06-02 09:51:27 SLOW GET /api/jobs -> 200  211258.5ms
2026-06-02 09:51:28 SLOW GET /api/dashboard/nav-counts -> 200  248786.8ms
2026-06-02 09:51:32 SLOW GET /api/dashboard/nav-counts -> 200  219649.1ms
2026-06-02 09:51:35 GET /hrbp/login -> 200  2.2ms
2026-06-02 09:51:35 GET /hrbp/assets/index-uPlBg4TD.js -> 200  3.7ms
2026-06-02 09:51:35 GET /hrbp/assets/index-D5SYFGSu.css -> 200  2.8ms
2026-06-02 09:51:35 GET /J2W_Logo.png -> 200  2.8ms
2026-06-02 09:51:37 SLOW GET /api/dashboard/nav-counts -> 200  232148.5ms
2026-06-02 09:51:37 GET /hrbp/login -> 200  3.1ms
2026-06-02 09:51:37 GET /api/health -> 200  2.2ms
2026-06-02 09:51:37 GET /J2W_Logo.png -> 200  1.7ms
2026-06-02 09:51:38 SLOW GET /api/dashboard/nav-counts -> 200  234762.7ms
2026-06-02 09:51:38 GET /hrbp/login -> 200  11.5ms
2026-06-02 09:51:38 GET /J2W_Logo.png -> 200  3.4ms
2026-06-02 09:51:38 SLOW GET /api/jobs -> 200  87138.9ms
2026-06-02 09:51:41 SLOW GET /api/dashboard/nav-counts -> 200  189894.8ms
2026-06-02 09:51:41 SLOW GET /api/dashboard/nav-counts -> 200  214661.4ms
2026-06-02 09:51:42 SLOW GET /api/dashboard/nav-counts -> 200  141340.9ms
2026-06-02 09:51:44 SLOW GET /api/dashboard/nav-counts -> 200  110452.7ms
2026-06-02 09:51:50 SLOW GET /api/dashboard/nav-counts -> 200  133033.0ms
2026-06-02 09:51:51 SLOW GET /api/dashboard/nav-counts -> 200  640022.4ms
2026-06-02 09:51:51 SLOW GET /api/dashboard/nav-counts -> 200  186297.7ms
2026-06-02 09:51:51 SLOW GET /api/hrbp/notifications -> 200  151455.1ms
2026-06-02 09:51:51 SLOW GET /api/candidates -> 200  234572.3ms
2026-06-02 09:51:51 SLOW GET /api/dashboard/nav-counts -> 200  61511.4ms
2026-06-02 09:51:52 SLOW GET /api/dashboard/nav-counts -> 200  221644.2ms
2026-06-02 09:51:52 SLOW GET /api/dashboard/nav-counts -> 200  179343.9ms
2026-06-02 09:51:52 SLOW GET /api/dashboard/nav-counts -> 200  166906.9ms
2026-06-02 09:51:52 SLOW GET /api/dashboard/nav-counts -> 200  153533.9ms
2026-06-02 09:51:54 SLOW GET /api/dashboard/nav-counts -> 200  204066.7ms
2026-06-02 09:51:55 SLOW GET /api/dashboard/nav-counts -> 200  188095.0ms
2026-06-02 09:51:56 SLOW GET /api/dashboard/nav-counts -> 200  182628.2ms
2026-06-02 09:51:56 SLOW GET /api/jobs/client-summary -> 200  182797.8ms
2026-06-02 09:51:58 SLOW GET /api/dashboard/nav-counts -> 200  191692.7ms
2026-06-02 09:52:02 SLOW GET /api/dashboard/nav-counts -> 200  648182.3ms
2026-06-02 09:52:05 SLOW GET /api/jobs -> 200  191689.8ms
2026-06-02 09:52:06 SLOW GET /api/jobs -> 200  251962.5ms
2026-06-02 09:52:09 SLOW GET /api/dashboard/nav-counts -> 200  72157.5ms
2026-06-02 09:52:09 SLOW GET /api/dashboard/nav-counts -> 200  193149.9ms
2026-06-02 09:52:10 SLOW GET /api/hrbp/notifications -> 200  50531.0ms
2026-06-02 09:52:15 SLOW GET /api/dashboard/nav-counts -> 200  186981.2ms
2026-06-02 09:52:16 SLOW GET /api/dashboard/nav-counts -> 200  216517.1ms
2026-06-02 09:52:16 SLOW GET /api/dashboard/nav-counts -> 200  166754.6ms
2026-06-02 09:52:17 SLOW GET /api/dashboard/nav-counts -> 200  235758.7ms
2026-06-02 09:52:17 SLOW GET /api/hrbp/notifications -> 200  147786.1ms
2026-06-02 09:52:18 SLOW GET /api/dashboard/nav-counts -> 200  219352.1ms
2026-06-02 09:52:23 SLOW GET /api/dashboard/nav-counts -> 200  177900.3ms
2026-06-02 09:52:23 SLOW GET /api/dashboard/nav-counts -> 200  174123.3ms
2026-06-02 09:52:23 SLOW GET /api/dashboard/nav-counts -> 200  198544.0ms
2026-06-02 09:52:28 SLOW GET /api/dashboard/nav-counts -> 200  191160.2ms
2026-06-02 09:52:28 SLOW GET /api/hrbp/notifications -> 200  368445.7ms
2026-06-02 09:52:29 SLOW GET /api/dashboard/nav-counts -> 200  189570.5ms
2026-06-02 09:52:29 SLOW GET /api/dashboard/nav-counts -> 200  194459.3ms
2026-06-02 09:52:29 SLOW GET /api/dashboard/nav-counts -> 200  515400.5ms
2026-06-02 09:52:29 SLOW GET /api/dashboard/nav-counts -> 200  122426.4ms
2026-06-02 09:52:29 SLOW GET /api/dashboard/nav-counts -> 200  81236.6ms
2026-06-02 09:52:30 SLOW GET /api/dashboard/nav-counts -> 200  38858.6ms
2026-06-02 09:52:31 SLOW GET /api/dashboard/nav-counts -> 200  204752.3ms
2026-06-02 09:52:35 SLOW GET /api/dashboard/nav-counts -> 200  221975.7ms
2026-06-02 09:52:36 SLOW GET /api/dashboard/nav-counts -> 200  982647.2ms
2026-06-02 09:52:36 SLOW GET /api/dashboard/nav-counts -> 200  189734.6ms
2026-06-02 09:52:37 SLOW GET /api/dashboard/nav-counts -> 200  71205.1ms
2026-06-02 09:52:40 SLOW GET /api/jobs -> 200  144731.4ms
2026-06-02 09:52:40 SLOW GET /api/dashboard/nav-counts -> 200  142398.0ms
2026-06-02 09:52:40 SLOW GET /api/hrbp/notifications -> 200  140757.4ms
2026-06-02 09:52:42 SLOW GET /api/dashboard/nav-counts -> 200  196845.3ms
2026-06-02 09:52:42 GET /api/health -> 200  2.1ms
2026-06-02 09:52:45 SLOW GET /api/dashboard/nav-counts -> 200  60146.7ms
2026-06-02 09:52:45 SLOW GET /api/dashboard/nav-counts -> 200  15887.5ms
2026-06-02 09:52:49 SLOW GET /api/dashboard/nav-counts -> 200  154940.3ms
2026-06-02 09:52:52 SLOW GET /api/dashboard/nav-counts -> 200  669064.8ms
2026-06-02 09:52:55 SLOW GET /api/dashboard/nav-counts -> 200  134241.5ms
2026-06-02 09:52:57 SLOW GET /api/dashboard/nav-counts -> 200  198971.3ms
2026-06-02 09:52:58 SLOW GET /api/dashboard/nav-counts -> 200  398079.8ms
2026-06-02 09:52:58 SLOW GET /api/dashboard/nav-counts -> 200  393777.0ms
2026-06-02 09:52:58 SLOW GET /api/dashboard/nav-counts -> 200  211611.1ms
2026-06-02 09:53:00 SLOW GET /api/dashboard/nav-counts -> 200  210251.4ms
2026-06-02 09:53:03 SLOW GET /api/dashboard/nav-counts -> 200  575827.5ms
2026-06-02 09:53:04 SLOW GET /api/dashboard/nav-counts -> 200  170546.8ms
2026-06-02 09:53:07 SLOW GET /api/dashboard/nav-counts -> 200  55224.8ms
2026-06-02 09:53:09 SLOW GET /api/dashboard/nav-counts -> 200  183122.5ms
2026-06-02 09:53:09 SLOW GET /api/hrbp/notifications -> 200  159707.7ms
2026-06-02 09:53:11 SLOW GET /api/dashboard/nav-counts -> 200  41851.7ms
2026-06-02 09:53:12 SLOW GET /api/dashboard/nav-counts -> 200  573028.8ms
2026-06-02 09:53:13 SLOW GET /api/dashboard/nav-counts -> 200  113878.9ms
2026-06-02 09:53:15 SLOW GET /api/dashboard/nav-counts -> 200  567989.5ms
2026-06-02 09:53:17 SLOW GET /api/dashboard/nav-counts -> 200  413273.4ms
2026-06-02 09:53:19 SLOW GET /api/dashboard/nav-counts -> 200  68733.7ms
2026-06-02 09:53:19 SLOW GET /api/coo/recruiter-leaderboard -> 200  12069.7ms
2026-06-02 09:53:20 SLOW GET /api/dashboard/nav-counts -> 200  189433.8ms
2026-06-02 09:53:20 SLOW GET /api/dashboard/nav-counts -> 200  149267.7ms
2026-06-02 09:53:22 SLOW GET /api/dashboard/nav-counts -> 200  419428.4ms
2026-06-02 09:53:22 SLOW GET /api/dashboard/nav-counts -> 200  189437.2ms
2026-06-02 09:53:23 SLOW GET /api/dashboard/nav-counts -> 200  182785.9ms
2026-06-02 09:53:23 SLOW GET /api/dashboard/nav-counts -> 200  164713.9ms
2026-06-02 09:53:24 SLOW GET /api/dashboard/nav-counts -> 200  1002892.3ms
2026-06-02 09:53:25 SLOW GET /api/jobs/client-summary -> 200  701651.7ms
2026-06-02 09:53:33 SLOW GET /api/dashboard/nav-counts -> 200  192717.5ms
2026-06-02 09:53:37 SLOW GET /api/dashboard/nav-counts -> 200  713930.7ms
2026-06-02 09:53:37 SLOW GET /leaderboard -> 200  105898.4ms
2026-06-02 09:53:37 SLOW GET /api/jobs/client-summary -> 200  647781.2ms
2026-06-02 09:53:39 SLOW GET /api/dashboard/nav-counts -> 200  61614.8ms
2026-06-02 09:53:39 GET /jobs -> 200  1.9ms
2026-06-02 09:53:39 GET /assets/index-BWAoNGZT.js -> 200  1.2ms
2026-06-02 09:53:39 GET /favicon.svg -> 200  1.5ms
2026-06-02 09:53:39 GET /logo.jpg -> 200  1.8ms
2026-06-02 09:53:39 GET /api/notifications/stream -> 200  2.8ms
2026-06-02 09:53:40 SLOW GET /api/dashboard/nav-counts -> 200  69575.6ms
2026-06-02 09:53:40 SLOW GET /api/dashboard/nav-counts -> 200  176820.1ms
2026-06-02 09:53:41 SLOW GET /api/dashboard/nav-counts -> 200  250342.3ms
2026-06-02 09:53:41 SLOW GET /api/dashboard/nav-counts -> 200  182822.4ms
2026-06-02 09:53:41 SLOW GET /api/dashboard/nav-counts -> 200  176554.5ms
2026-06-02 09:53:43 SLOW GET /api/dashboard/nav-counts -> 200  124415.7ms
2026-06-02 09:53:47 SLOW GET /api/dashboard/nav-counts -> 200  180066.5ms
2026-06-02 09:53:48 SLOW GET /api/dashboard/nav-counts -> 200  215330.0ms
2026-06-02 09:53:48 SLOW GET /api/dashboard/nav-counts -> 200  51306.4ms
2026-06-02 09:53:51 SLOW GET /api/candidates -> 200  220003.5ms
2026-06-02 09:53:54 SLOW GET /api/dashboard/nav-counts -> 200  204071.2ms
2026-06-02 09:53:55 SLOW GET /api/dashboard/nav-counts -> 200  188820.2ms
2026-06-02 09:53:55 SLOW GET /api/dashboard/nav-counts -> 200  187045.0ms
2026-06-02 09:53:57 SLOW GET /api/dashboard/nav-counts -> 200  187164.2ms
2026-06-02 09:53:58 SLOW GET /api/dashboard/nav-counts -> 200  140991.6ms
2026-06-02 09:53:59 SLOW GET /api/dashboard/nav-counts -> 200  136937.7ms
2026-06-02 09:53:59 SLOW GET /api/dashboard/nav-counts -> 200  45159.8ms
2026-06-02 09:53:59 SLOW GET /api/jobs/client-summary -> 200  20009.6ms
2026-06-02 09:54:00 SLOW GET /api/dashboard/nav-counts -> 200  17917.6ms
2026-06-02 09:54:01 SLOW GET /api/dashboard/nav-counts -> 200  47701.2ms
2026-06-02 09:54:06 SLOW GET /api/dashboard/nav-counts -> 200  220171.7ms
2026-06-02 09:54:06 SLOW GET /api/dashboard/nav-counts -> 200  158363.3ms
2026-06-02 09:54:07 SLOW GET /api/dashboard/nav-counts -> 200  744415.4ms
2026-06-02 09:54:08 SLOW GET /api/hrbp/notifications -> 200  738062.9ms
2026-06-02 09:54:08 SLOW GET /api/dashboard/nav-counts -> 200  185147.4ms
2026-06-02 09:54:08 SLOW GET /api/dashboard/nav-counts -> 200  111296.8ms
2026-06-02 09:54:13 SLOW GET /api/dashboard/nav-counts -> 200  195735.5ms
2026-06-02 09:54:15 SLOW GET /api/dashboard/nav-counts -> 200  55913.9ms
2026-06-02 09:54:17 SLOW GET /api/dashboard/nav-counts -> 200  159573.1ms
2026-06-02 09:54:21 SLOW GET /api/dashboard/nav-counts -> 200  664533.0ms
2026-06-02 09:54:21 SLOW GET /api/dashboard/nav-counts -> 200  597527.6ms
2026-06-02 09:54:24 SLOW GET /api/dashboard/nav-counts -> 200  199418.0ms
2026-06-02 09:54:25 SLOW GET /api/dashboard/nav-counts -> 200  98614.9ms
2026-06-02 09:54:27 SLOW GET /api/dashboard/nav-counts -> 200  207593.7ms
2026-06-02 09:54:27 SLOW GET /api/dashboard/nav-counts -> 200  194436.4ms
2026-06-02 09:54:29 GET /api/notifications/stream -> 200  2.3ms
2026-06-02 09:54:30 GET /api/notifications/stream -> 200  1.9ms
2026-06-02 09:54:30 SLOW GET /api/dashboard/nav-counts -> 200  171221.1ms
2026-06-02 09:54:31 SLOW GET /api/dashboard/nav-counts -> 200  172912.3ms
2026-06-02 09:54:31 SLOW GET /api/hrbp/notifications -> 200  131715.3ms
2026-06-02 09:54:31 SLOW GET /api/dashboard/nav-counts -> 200  122186.2ms
2026-06-02 09:54:33 SLOW GET /api/jobs -> 200  107507.1ms
2026-06-02 09:54:40 SLOW GET /api/dashboard/nav-counts -> 200  211308.9ms
2026-06-02 09:54:42 SLOW GET /api/dashboard/nav-counts -> 200  184785.4ms
2026-06-02 09:54:42 SLOW GET /api/dashboard/nav-counts -> 200  224357.1ms
2026-06-02 09:54:42 SLOW GET /api/dashboard/nav-counts -> 200  171457.1ms
2026-06-02 09:54:42 SLOW GET /api/dashboard/nav-counts -> 200  675994.3ms
2026-06-02 09:54:43 GET /login -> 200  2.5ms
2026-06-02 09:54:43 GET /jobs -> 200  4.0ms
2026-06-02 09:54:43 GET /logo.jpg -> 200  6.3ms
2026-06-02 09:54:43 GET /logo.jpg -> 200  1.8ms
2026-06-02 09:54:43 GET /api/notifications/stream -> 200  1.3ms
2026-06-02 09:54:43 SLOW GET /api/dashboard/nav-counts -> 200  219046.3ms
2026-06-02 09:54:44 SLOW GET /api/dashboard/nav-counts -> 200  43467.8ms
2026-06-02 09:54:47 SLOW GET /api/dashboard/nav-counts -> 200  64121.7ms
2026-06-02 09:54:47 SLOW GET /api/dashboard/nav-counts -> 200  174888.3ms
2026-06-02 09:54:48 SLOW GET /api/dashboard/nav-counts -> 200  171964.8ms
2026-06-02 09:54:48 SLOW GET /api/dashboard/nav-counts -> 200  230745.0ms
2026-06-02 09:54:48 SLOW GET /api/jobs -> 200  4802.4ms
2026-06-02 09:54:49 SLOW GET /api/hrbp/notifications -> 200  59030.9ms
2026-06-02 09:54:53 SLOW GET /api/jobs -> 200  50071.6ms
2026-06-02 09:54:53 GET /login -> 200  1.5ms
2026-06-02 09:54:53 GET /assets/index-BWAoNGZT.js -> 200  1.4ms
2026-06-02 09:54:53 SLOW GET /api/dashboard/nav-counts -> 200  644920.8ms
2026-06-02 09:54:56 SLOW GET /api/dashboard/nav-counts -> 200  159091.7ms
2026-06-02 09:54:56 SLOW GET /api/dashboard/nav-counts -> 200  575564.3ms
2026-06-02 09:54:58 SLOW GET /api/dashboard/nav-counts -> 200  159414.5ms
2026-06-02 09:54:59 SLOW GET /api/hrbp/notifications -> 200  129039.0ms
2026-06-02 09:54:59 SLOW GET /api/dashboard/nav-counts -> 200  226744.1ms
2026-06-02 09:55:01 SLOW GET /api/dashboard/nav-counts -> 200  199735.2ms
2026-06-02 09:55:03 SLOW POST /api/resume-extract -> 200  142705.2ms
2026-06-02 09:55:03 GET /api/notifications/stream -> 200  1.9ms
2026-06-02 09:55:05 SLOW GET /api/dashboard/nav-counts -> 200  640134.3ms
2026-06-02 09:55:06 SLOW GET /api/dashboard/nav-counts -> 200  48845.2ms
2026-06-02 09:55:06 SLOW GET /api/dashboard/nav-counts -> 200  639229.1ms
2026-06-02 09:55:09 SLOW GET /api/dashboard/nav-counts -> 200  652169.3ms
2026-06-02 09:55:10 SLOW GET /leaderboard -> 200  48316.7ms
2026-06-02 09:55:15 SLOW GET /api/dashboard/nav-counts -> 200  175267.7ms
2026-06-02 09:55:17 SLOW GET /api/dashboard/nav-counts -> 200  51566.5ms
2026-06-02 09:55:17 SLOW GET /api/dashboard/nav-counts -> 200  23222.3ms
2026-06-02 09:55:18 SLOW GET /api/business-heads -> 200  8197.3ms
2026-06-02 09:55:19 SLOW GET /api/dashboard/nav-counts -> 200  41512.1ms
2026-06-02 09:55:19 SLOW GET /api/dashboard/nav-counts -> 200  158580.8ms
2026-06-02 09:55:22 SLOW GET /api/dashboard/nav-counts -> 200  220792.8ms
2026-06-02 09:55:22 SLOW GET /api/dashboard/nav-counts -> 200  174163.1ms
2026-06-02 09:55:22 SLOW GET /api/dashboard/nav-counts -> 200  235607.1ms
2026-06-02 09:55:27 GET /login -> 200  8.4ms
2026-06-02 09:55:27 SLOW GET /api/dashboard/nav-counts -> 200  198438.8ms
2026-06-02 09:55:30 SLOW GET /api/dashboard/nav-counts -> 200  213588.1ms
2026-06-02 09:55:30 SLOW GET /api/dashboard/nav-counts -> 200  204457.7ms
2026-06-02 09:55:30 GET /login -> 200  2.7ms
2026-06-02 09:55:30 GET /assets/index-B8GOpH0E.css -> 200  1.6ms
2026-06-02 09:55:31 GET /api/notifications/stream -> 200  26.7ms
2026-06-02 09:55:32 SLOW GET /api/dashboard/nav-counts -> 200  154579.9ms
2026-06-02 09:55:36 SLOW GET /api/dashboard/nav-counts -> 200  51251.6ms
2026-06-02 09:55:36 SLOW GET /api/dashboard/nav-counts -> 200  206383.6ms
2026-06-02 09:55:36 SLOW GET /api/hrbp/notifications -> 200  46449.6ms
2026-06-02 09:55:36 SLOW GET /api/hrbp/notifications -> 200  151794.4ms
2026-06-02 09:55:37 SLOW GET /api/hrbp/notifications -> 200  147246.8ms
2026-06-02 09:55:37 SLOW GET /api/dashboard/nav-counts -> 200  1277807.2ms
2026-06-02 09:55:39 SLOW GET /api/dashboard/nav-counts -> 200  96555.8ms
2026-06-02 09:55:39 SLOW GET /api/dashboard/nav-counts -> 200  221925.2ms
2026-06-02 09:55:40 SLOW GET /api/dashboard/nav-counts -> 200  222478.5ms
2026-06-02 09:55:40 SLOW GET /api/clients -> 200  6730.7ms
2026-06-02 09:55:41 SLOW GET /api/dashboard/nav-counts -> 200  182447.2ms
2026-06-02 09:55:42 SLOW GET /api/dashboard/nav-counts -> 200  159477.8ms
2026-06-02 09:55:42 SLOW GET /api/dashboard/nav-counts -> 200  125579.8ms
2026-06-02 09:55:43 SLOW GET /api/dashboard/nav-counts -> 200  181834.8ms
2026-06-02 09:55:44 SLOW GET /api/dashboard/nav-counts -> 200  200588.8ms
2026-06-02 09:55:45 SLOW GET /api/dashboard/nav-counts -> 200  625255.0ms
2026-06-02 09:55:48 SLOW GET /api/dashboard/nav-counts -> 200  55471.6ms
2026-06-02 09:55:49 SLOW GET /api/dashboard/nav-counts -> 200  623193.8ms
2026-06-02 09:55:49 SLOW GET /api/health -> 200  15312.4ms
2026-06-02 09:55:51 SLOW GET /api/users -> 200  31422.4ms
2026-06-02 09:56:08 SLOW GET /api/dashboard/nav-counts -> 200  50854.8ms
2026-06-02 09:56:08 SLOW GET /api/dashboard/nav-counts -> 200  51305.0ms
2026-06-02 09:56:08 SLOW GET /api/dashboard/nav-counts -> 200  248778.4ms
2026-06-02 09:56:09 SLOW GET /api/dashboard/nav-counts -> 200  184530.3ms
2026-06-02 09:56:09 SLOW GET /api/dashboard/nav-counts -> 200  219926.4ms
2026-06-02 09:56:09 SLOW GET /api/dashboard/nav-counts -> 200  382740.5ms
2026-06-02 09:56:09 SLOW GET /api/dashboard/nav-counts -> 200  178606.3ms
2026-06-02 09:56:09 GET /api/notifications/stream -> 200  22.6ms
2026-06-02 09:56:09 GET /api/notifications/stream -> 200  181.0ms
2026-06-02 09:56:11 SLOW GET /api/dashboard/nav-counts -> 200  165986.2ms
2026-06-02 09:56:13 SLOW GET /api/dashboard/nav-counts -> 200  227288.1ms
2026-06-02 09:56:13 SLOW GET /api/dashboard/nav-counts -> 200  210291.3ms
2026-06-02 09:56:15 SLOW GET /api/dashboard/nav-counts -> 200  43669.1ms
2026-06-02 09:56:15 SLOW GET /api/dashboard/nav-counts -> 200  185982.5ms
2026-06-02 09:56:19 SLOW GET /api/candidates -> 200  233237.2ms
2026-06-02 09:56:19 SLOW GET /api/jobs -> 200  59611.1ms
2026-06-02 09:56:19 GET /api/notifications/stream -> 200  57.3ms
2026-06-02 09:56:19 GET /api/notifications/stream -> 200  1.2ms
2026-06-02 09:56:19 GET /api/notifications/stream -> 200  2.5ms
2026-06-02 09:56:19 GET /api/notifications/stream -> 200  2.3ms
2026-06-02 09:56:20 SLOW GET /api/dashboard/nav-counts -> 200  158386.5ms
2026-06-02 09:56:20 GET /api/notifications/stream -> 200  3.7ms
2026-06-02 09:56:20 GET /api/notifications/stream -> 200  1.5ms
2026-06-02 09:56:20 SLOW GET /api/dashboard/nav-counts -> 200  187749.1ms
2026-06-02 09:56:20 GET /api/notifications/stream -> 200  3.1ms
2026-06-02 09:56:20 SLOW GET /api/dashboard/nav-counts -> 200  121165.4ms
2026-06-02 09:56:20 SLOW GET /api/dashboard/nav-counts -> 200  121353.0ms
2026-06-02 09:56:21 SLOW GET /api/candidates -> 200  159760.7ms
2026-06-02 09:56:23 GET /api/notifications/stream -> 200  1.1ms
2026-06-02 09:56:26 GET /api/dashboard/nav-counts -> 200  533.1ms
2026-06-02 09:56:29 GET /api/jobs/client-summary -> 200  483.4ms
2026-06-02 09:56:29 GET /api/dashboard/nav-counts -> 200  75.0ms
2026-06-02 09:56:33 SLOW GET /api/dashboard/nav-counts -> 200  146745.4ms
2026-06-02 09:56:35 SLOW GET /api/dashboard/nav-counts -> 200  188506.2ms
2026-06-02 09:56:37 SLOW GET /api/dashboard/nav-counts -> 200  200440.1ms
2026-06-02 09:56:37 SLOW GET /api/dashboard/nav-counts -> 200  200712.0ms
2026-06-02 09:56:39 SLOW GET /api/dashboard/nav-counts -> 200  91457.2ms
2026-06-02 09:56:45 SLOW GET /api/dashboard/nav-counts -> 200  56629.6ms
2026-06-02 09:56:45 SLOW GET /api/jobs/client-summary -> 200  35906.9ms
2026-06-02 09:56:45 GET /api/health -> 200  4.2ms
2026-06-02 09:56:46 SLOW GET /api/dashboard/nav-counts -> 200  157470.2ms
2026-06-02 09:56:47 SLOW GET /api/jobs -> 200  107060.2ms
2026-06-02 09:56:47 SLOW GET /api/jobs/client-summary -> 200  107278.4ms
2026-06-02 09:56:47 SLOW GET /api/dashboard/nav-counts -> 200  103914.8ms
2026-06-02 09:56:49 GET /api/notifications/stream -> 200  5.8ms
2026-06-02 09:56:51 SLOW GET /api/dashboard/nav-counts -> 200  58327.6ms
2026-06-02 09:56:52 SLOW GET /api/dashboard/nav-counts -> 200  42770.4ms
2026-06-02 09:56:55 SLOW GET /api/dashboard/nav-counts -> 200  437531.2ms
2026-06-02 09:56:55 SLOW GET /api/dashboard/nav-counts -> 200  144299.0ms
2026-06-02 09:56:56 SLOW GET /api/dashboard/nav-counts -> 200  408049.0ms
2026-06-02 09:57:07 SLOW GET /api/dashboard/nav-counts -> 200  57860.0ms
2026-06-02 09:57:07 SLOW GET /api/dashboard/nav-counts -> 200  41556.5ms
2026-06-02 09:57:07 SLOW GET /api/dashboard/nav-counts -> 200  189113.6ms
2026-06-02 09:57:07 SLOW GET /api/dashboard/nav-counts -> 200  189228.2ms
2026-06-02 09:57:07 SLOW GET /api/dashboard/nav-counts -> 200  189968.4ms
2026-06-02 09:57:07 SLOW GET /api/jobs/client-summary -> 200  37138.3ms
2026-06-02 09:57:08 SLOW GET /api/dashboard/nav-counts -> 200  652085.4ms
2026-06-02 09:57:09 SLOW GET /api/dashboard/nav-counts -> 200  191805.4ms
2026-06-02 09:57:12 SLOW GET /api/dashboard/nav-counts -> 200  254414.4ms
2026-06-02 09:57:13 SLOW GET /api/dashboard/nav-counts -> 200  47064.2ms
2026-06-02 09:57:14 SLOW GET /api/dashboard/nav-counts -> 200  64674.8ms
2026-06-02 09:57:17 GET /api/notifications/stream -> 200  2.8ms
2026-06-02 09:57:17 GET /api/notifications/stream -> 200  1.5ms
2026-06-02 09:57:18 GET /api/notifications/stream -> 200  2.3ms
2026-06-02 09:57:18 GET /api/notifications/stream -> 200  2.0ms
2026-06-02 09:57:18 GET /api/notifications/stream -> 200  3.0ms
2026-06-02 09:57:18 GET /api/notifications/stream -> 200  4.9ms
2026-06-02 09:57:18 GET /api/notifications/stream -> 200  4.2ms
2026-06-02 09:57:18 GET /api/notifications/stream -> 200  2.3ms
2026-06-02 09:57:20 SLOW GET /api/dashboard/nav-counts -> 200  70669.2ms
